Word,Count
[,1
'md,8
',54518
",",54439
'anderson,7
'treated,11
'brothers,8
'rare,8
'bladder,11
'cancer,1099
'grateful,20
'hes,74
'fine,30
'years,232
'later,35
'would,147
'xrays,3
'pick,4
'knee,5
'pain,72
'cap,5
'went,104
'see,146
'top,14
'specialist,5
'denver,1
'didnt,58
'anything,30
'said,99
'keeps,8
'bothering,1
'come,78
'back,126
'sounds,10
'like,289
'scope,1
'sure,55
'mri,13
'show,34
'regular,3
'little,33
'arthritis,2
'bad,71
'mom,60
'stage,113
'bone,25
'going,222
'survive,18
'long,64
'father,44
'diagnosed,126
'honestly,11
'lost,54
'words,19
'right,66
'ratio,3
'try,32
'using,41
'iodine,1
'killed,7
'thumb,2
'nail,4
'canceri,3
'applied,4
x,23
'wkin,1
'weeks,58
'anymore,10
'kept,11
'appliing,1
'monthshasnt,1
'came,57
'yet,25
'yri,1
'poured,2
'hand,13
'spell,1
'name,63
'drug,43
'stated,1
'working,17
'well,182
'congratulations,4
'man,83
'auntie,3
'suffering,37
'want,98
'help,197
'dont,149
'money,48
'love,457
'much,236
nan,205
'honest,3
'people,196
'mortality,2
'rate,14
'within,21
'depends,2
'based,7
'survivability,2
'every,105
'patients,41
'higher,3
'lesser,2
'suggest,5
'please,117
'follow,23
'doctor,161
'says,11
'something,62
'taken,14
'granted,5
'dad,39
'dedifferentiated,1
'condrosarcoma,1
'femur,3
'treatment,178
'options,12
'limited,3
'scary,18
'sir,12
'frnd,1
'also,206
'staze,1
b,21
'cured,125
'happening,15
'oh,35
'sad,89
'beat,89
'goku,15
'tho,20
'httpsyoutubefehftrwusimdghdupzsjja,1
'almighty,9
'god,526
'sick,33
'personlet,1
'worry,14
'trust,22
'youlord,1
'yeah,11
'graviola,3
'leaf,2
'capsule,2
'jason,1
'winters,1
'tea,4
'sage,1
'goodluck,1
'everyone,70
'pray,160
'high,29
'time,191
'reach,27
'drosuma,3
'kinds,8
'health,81
'issues,25
'herpes,20
'virus,56
'breath,9
'big,38
'thank,258
'making,24
'self,14
'pliz,1
'mother,38
'lil,9
'durk,1
'better,107
'thanks,107
'lot,67
'saving,10
'life,291
'deadly,13
'disease,83
'really,152
'happy,84
'able,55
'testify,5
'great,130
'herbs,75
'total,17
'cure,155
'give,96
'hope,276
'im,335
'glad,82
'met,16
'dr,329
'edoba,1
'youtube,136
'good,212
'friend,49
'mine,25
'recommended,14
'mei,1
'cant,52
'believe,67
'forever,26
'breast,192
'gone,38
'doc,14
'bro,25
'dislikes,3
'hi,35
'make,92
'project,1
'school,6
'someone,50
'distende,1
'recovered,5
'write,4
'diagnose,3
'ca,4
'metastasis,5
'axillary,1
'node,5
'momi,1
'surviveddie,1
'cancers,36
'mf,1
'though,45
'already,30
'lymph,21
'liver,19
'tried,22
'different,45
'drugs,88
'still,157
'spent,7
'process,23
'changes,5
'advised,3
'us,133
'herbal,179
'medicine,84
'told,91
'eden,1
'curing,22
'diseases,31
'products,21
'quickly,22
'contacted,24
'explain,9
'everything,70
'assured,4
'husband,106
'purchased,3
'serious,11
'dangerous,10
'actually,24
'got,292
'perfect,14
'medication,53
'osoria,11
'used,53
'totally,33
'across,36
'channel,61
'meeting,3
'one,188
'best,162
'days,80
'surfing,8
'finally,19
'hsv,13
'deserve,10
'appreciate,27
'know,265
'habits,3
'problems,21
'lungs,7
'made,53
'weak,13
'confused,5
'promised,4
'looking,38
'found,64
'similar,12
'past,31
'fixed,3
'httpscancerdoneblogspotcombreastcancercuredhtml,1
'moffitt,3
'centre,2
'published,2
'patient,17
'double,8
'blind,2
'trial,12
'supervised,1
'three,26
'medical,30
'professors,1
'intensity,1
'ultrasound,8
'clearing,2
'viruses,3
'works,24
'bacterial,4
'infections,10
'minute,2
'eg,1
w,7
'mhz,1
'inches,2
'root,7
'mans,3
'penis,1
'clears,1
'prostate,121
'session,3
'registered,2
'allowed,9
'research,22
'prescribe,3
'biochemical,2
'treatments,86
'four,13
'company,9
'ever,71
'nursing,2
'new,38
'improved,2
'defective,1
'fatal,2
'types,10
'medics,1
'scream,1
'share,36
'non,16
'native,1
'inflated,1
'cell,21
'structure,3
'plus,10
'viral,4
'sharing,133
'yall,9
'story,59
'strong,496
'beautiful,274
'ladies,3
'loved,31
'world,64
'gave,38
'begotten,3
'son,35
'whosoever,2
'believeth,2
'perish,2
'everlasting,3
'wife,30
'scared,29
'doctorpatrickelvis,4
'concerning,2
'autistic,3
'five,7
'sent,30
'medicines,7
'months,88
'free,94
'autism,3
'talks,4
'clearly,9
'eye,7
'contact,69
'play,9
'children,16
'verbal,2
'head,29
'hurts,7
'bitting,2
'clothes,3
'hands,15
'behave,4
'normal,23
'living,30
'fulfil,2
'httpsyoutubecomchannelucfapncmferchukryw,2
'bringing,9
'happiness,13
'wonders,3
'youre,58
'saint,1
'cherish,2
'drosoria,1
'get,368
'relationship,2
'anyone,54
'untill,2
'never,124
'knew,27
'emotionally,4
'igho,9
'helping,29
'sacred,1
'antidote,2
'removed,33
'gon,47
'na,65
'let,39
'way,142
'ugly,6
'thing,74
'choose,6
'positive,125
'lord,53
'side,51
'heart,121
'jesus,106
'wont,14
'happens,18
'may,109
'live,89
'earth,24
'go,183
'reward,2
'richly,1
'guys,79
'sour,1
'sop,1
'fruits,5
'recipes,1
'fully,10
'could,94
'morans,1
'adress,1
'nd,11
'pone,1
'noumber,1
'plese,1
'brest,2
'full,52
'legs,2
'swollen,4
'experience,22
'helped,31
'speed,6
'healing,103
'wonder,22
'might,20
'become,11
'hadnt,2
'bless,275
'naturally,9
'feel,96
'hard,71
'painful,17
'touch,10
'worst,23
'part,26
'assistant,2
'journey,131
'place,17
'difference,9
'introducing,2
'worlds,3
'humbly,1
'kind,44
'gesture,1
'drauchi,2
'thought,53
'say,64
'today,69
'ogie,6
'daughter,16
'giving,34
'dagba,3
'always,112
'take,121
'personal,10
'brought,13
'permanently,21
'drdagba,3
'fighting,78
'multiple,9
'survivor,55
'old,72
'httpsyoutubefkfdjwxk,1
'shot,4
'answer,9
'isnt,16
'cause,32
'bacteria,1
'group,16
'mutated,1
'cells,38
'hurting,3
'body,96
'happen,31
'literally,18
'anytime,4
'certain,7
'things,48
'increase,2
'chances,7
'itoya,4
'advice,9
'prevent,4
'importantly,3
'medications,18
'send,16
'put,46
'stop,38
'immediate,4
'inherited,2
'work,62
'blood,44
'flow,2
'veins,2
'negative,67
'completely,40
'without,46
'effects,32
'almost,36
'healed,25
'meant,3
'proof,5
'doctors,43
'saviour,4
'dignosed,1
'allah,10
'remember,37
'prayers,298
'luckily,2
'fighter,19
'colon,5
'broken,6
'shards,1
'turnt,1
'else,19
'prsying,1
'survival,9
'tell,51
'edit,2
'day,133
'recently,13
'saw,31
'grandmother,4
'die,58
'covid,22
'morning,6
'friday,7
'th,26
'pm,2
'passed,31
'away,55
'battle,32
'wishing,28
'suffer,10
'rabies,1
'praying,239
'sincerely,3
'jacob,1
'beller,1
'possible,26
'till,12
l,13
'alued,1
'okay,15
'symptoms,37
'illness,21
'coming,20
'major,9
'loss,20
'caused,9
'immune,18
'systembut,1
'osaka,2
'ago,92
'death,29
'guts,2
'wish,114
'continuous,2
'strength,86
'fighters,3
'lifes,5
'battles,5
'cancei,1
'lotbut,1
'human,21
'excited,12
'supplements,17
'harvey,58
'amennnn,1
'dds,1
'dd,2
'heal,68
'call,40
'ask,33
'save,40
'watch,53
'club,3
'testimonies,2
'build,6
'faith,53
'read,20
'bible,3
'heaven,14
'hell,20
'start,28
'saying,21
'listen,15
'demon,2
'cast,3
'videos,36
'infirmity,1
'demons,2
'sicknesses,3
'testimony,24
'person,75
'unbelief,1
'doubt,9
'kill,29
'bring,19
'died,57
'sins,10
'cross,4
'rose,2
'dead,24
'planet,4
'insurmountable,1
'job,14
'home,32
'kids,27
'ran,2
'awat,1
'friends,38
'abandoned,1
'bitter,1
'mean,22
'disgusting,4
'nagging,2
'ungrateful,1
'useless,4
'bitch,2
'poverty,1
'care,46
'fuck,44
'nota,1
'glorious,1
'blessing,18
'pink,10
'ribbons,4
'smiling,12
'faces,9
'ir,1
'matter,18
'bills,1
'despair,2
'destroys,2
'unrelentlessly,1
'became,12
'psychotic,1
'ended,11
'psychiatric,1
'ward,2
'antipsychotic,2
'demented,1
'fro,1
'makes,56
'fun,13
'twist,1
'dies,5
'screwed,1
'need,75
'disability,1
'carers,2
'payment,1
'pay,4
'rent,2
'fml,1
'ratioo,1
'stories,10
'known,12
'thankful,6
'felt,38
'guilty,1
'times,46
'parents,8
'stays,2
'healthy,52
'doesnt,22
'lose,21
'woman,85
'inspirational,11
'second,26
'uk,13
'httpsyoutubeynqojxvppu,1
'nerf,1
'miner,1
'op,2
'starting,12
'expose,1
'inspire,11
'case,4
'httpsyoutubeeaixrclkcc,1
'glory,8
'abiola,19
'drabiola,5
'cutsyorboobof,1
'south,6
'park,3
'reference,1
'gbenga,2
'partner,8
'rid,32
'genital,4
'nature,5
'ordered,4
'igudia,2
'find,51
'effective,4
'remedies,10
'permanent,10
'problemi,1
'doctorhttpsyoutubecomchanneluctatilkxbylcrcg,1
'battled,2
'ozuka,1
'asking,7
'anty,1
'expensive,3
'solves,1
'nah,6
'abortion,1
'babies,4
'revenge,1
'dislike,3
'lump,12
'shes,76
'checked,12
'tomorrow,14
'prepping,1
'family,137
'incapable,1
'paying,3
'probably,21
'sacrifice,1
'college,4
'itll,4
'worth,10
'sending,170
'hugs,64
'support,74
'affected,7
'directly,4
'indirectly,1
'condolences,2
'ones,22
'pass,7
'grab,1
'large,5
'speaker,1
'vibration,1
'target,1
'condition,15
'httpsyoutubexsjodto,1
'hello,17
'thereget,1
'genuine,6
'egwali,1
'httpswwwfacebookcomdregwaliherbalspellhome,1
'thats,49
'crazy,18
'survived,12
'team,3
'spreading,10
'message,12
'next,32
'month,30
'use,36
'first,98
'seconds,3
'video,78
'mind,20
'sister,63
'speak,13
'plz,10
'wake,3
'disliked,3
'terrible,26
'vid,4
'starving,1
'malnutrition,2
'youngboy,1
'getting,61
'gersons,1
'book,9
'sofaygo,1
'offratio,1
'left,23
'iam,6
'yrs,29
'yesterday,9
'concerned,6
'look,94
'face,16
'mammogram,8
'week,40
'didliked,1
'abdul,2
'fast,26
'recory,1
'everybody,8
'todaygod,1
'strenght,3
'psalm,4
'inlaw,2
'cm,5
'chemolet,1
'unite,2
'firm,1
'accompy,1
'batlle,1
'victorious,2
'served,2
'special,11
'osuma,4
'clear,6
'doubts,1
'againcancer,1
'natural,67
'fight,76
'searching,2
'sunli,4
'gandhi,4
'hiv,162
'solution,15
'despite,8
'spend,10
'buy,11
'keep,181
'taking,57
'several,17
'post,14
'anita,4
'sometimes,21
'drharvey,15
'asked,18
'questions,15
'forget,22
'contacts,4
'hisher,4
'asks,5
'amazed,9
'heard,26
'test,84
'confirm,6
'status,5
'hospital,51
'final,7
'running,6
'wow,64
'tears,14
'herbsif,4
'anybody,8
'situation,17
'cures,18
'via,30
'emaildrharveyphytotherapyyahoocom,11
'bestie,1
'aba,1
'recommend,16
'ifa,3
'epilepsycancer,1
'hpv,13
'onvisit,2
'website,4
'todayhttpsdrifahomecentrejimdositecom,2
'fake,5
'gmaildrifahomegmailcom,2
'pancreatic,50
'husbands,1
'symptom,2
'atkins,1
'diet,24
'wasnt,11
'faithful,6
'weight,34
'peeling,1
'realized,5
'due,24
'soon,98
'trouble,10
'eating,13
'increased,4
'turning,2
'yellow,1
'overnight,2
'led,4
'visit,18
'started,34
'greasy,1
'floating,1
'bowel,3
'movements,1
'liverwe,1
'diffrent,1
'workingwe,1
'alot,7
'harbal,1
'medicineshe,1
'productsso,1
'everythig,1
'according,4
'priscriptions,1
'trace,1
'systemit,1
'miracle,13
'semilar,1
'cases,4
'kindly,4
'whatsapp,34
'httpsyoutuberhcycruc,1
'maam,1
u,120
'ok,26
'fodder,1
'aint,5
'beating,7
'congrats,3
'surviving,6
'truly,40
'roots,14
'areas,2
'concentration,2
'sexually,3
'transmitted,2
'sti,1
'referred,5
'std,6
'venereal,1
'vd,2
'info,6
'thrilled,1
'teared,5
'entire,12
'fought,7
'girl,123
'local,10
'community,10
'surgeon,3
'performed,2
'lumpectomy,4
'nodes,15
'year,87
'another,39
'brain,16
'given,21
'nothing,34
'possibly,6
'done,50
'emotional,12
'state,9
'someones,2
'propolis,2
'lecithin,2
'capsules,3
'desperate,4
'decided,12
'bought,6
'consumed,6
'exactly,30
'instructed,3
'completing,2
'chance,22
'drharveyphytotherapyyahoocom,6
'feed,3
'diane,1
'began,5
'november,7
'slight,2
'burning,5
'sensation,2
'daycare,1
'provider,1
'neglected,1
'hoping,12
'temporary,3
'eve,1
'severe,6
'scheduled,6
'received,15
'letter,2
'telling,10
'return,6
'suspicious,2
'findings,1
'film,10
'needed,21
'testing,8
'previous,3
'october,8
'wrong,19
'nowhere,3
'turn,11
'primary,7
'called,32
'older,19
'gynecologist,2
'explained,7
'immediately,11
'biopsy,34
'avail,1
'mate,3
'dana,1
'introduced,4
'pythothrapist,1
'alone,32
'greatful,3
'lifehe,1
'silence,2
'since,39
'hero,10
'whenever,9
'seeing,24
'hopefully,13
'couple,34
'delaware,3
'surgery,78
'wanted,23
'learned,10
'effectiveness,5
'available,17
'ayes,10
'worlda,3
'center,14
'underwent,8
'seven,8
'daily,21
'therapy,36
'administering,3
'remedy,12
'men,27
'incredible,27
'bond,3
'illnesses,4
'check,34
'compare,4
'notes,4
'updatesbut,3
'end,40
'conducting,4
'series,6
'choice,9
'offer,6
'type,27
'even,90
'contacting,3
'chemo,210
'radiation,69
'medicinewith,3
'foreverall,3
'urge,3
'whats,26
'app,10
'emaildrayesherbalmedicinegmailcom,2
'recovery,72
'bodies,4
'starved,1
'nutrition,4
'grow,11
'system,30
'starve,1
'shrink,6
'tumors,11
'shrinking,2
'leaps,1
'bounds,1
'disappear,3
'fairly,1
'moving,11
'term,2
'hundreds,1
'chris,1
'iti,2
'iv,16
'mestastasized,1
'hip,4
'joint,1
'flooding,1
'nutritionwonderful,1
'juices,2
'nice,16
'luckybaral,1
'discovered,3
'accident,3
'birth,2
'child,17
'noticed,5
'small,13
'milk,10
'think,92
'feeding,4
'carrying,1
'baby,13
'radiologist,2
'straight,12
'believed,5
'asap,2
'otherwise,2
'overlooked,1
'milky,1
'discharge,1
'nipple,1
'chemotherapy,56
'mastectomy,10
'reconstruction,4
'persists,1
'two,41
'raise,6
'email,30
'prepared,4
'dhl,3
'courier,3
'service,5
'administered,1
'superb,2
'alede,2
'complain,6
'taught,2
'helps,35
'draledeherpescuregmailcom,2
'drop,4
'vital,4
'information,16
'infected,5
'thoughts,38
'changed,10
'ebozojie,2
'eradicate,7
'hesitate,1
'drebozojiespellhomegmailcom,1
'med,4
'harm,3
'trying,14
'peace,43
'named,3
'bella,2
'jamaica,1
'cut,10
'depressed,5
'kelly,8
'shared,8
'directed,1
'took,44
'carry,10
'surprised,5
'indeed,10
'moment,13
'gmail,2
'drkellygmailcom,2
'shattered,2
'osaze,2
'drosazeherbalgmailcom,1
'whatsap,1
'finding,12
'easy,20
'slowly,6
'terms,2
'hivpositive,1
'tackle,1
'attitude,26
'mid,2
'quite,5
'ill,22
'developed,3
'persistent,1
'flulike,1
'headaches,1
'cough,2
'sores,19
'wouldnt,16
'skin,9
'crawling,2
'ached,1
'nauseous,2
'exhaustion,2
'hit,7
'indescribable,1
'tiredness,3
'slept,4
'rested,2
'hospitalized,1
'cd,6
'count,6
'nosedived,1
'hivnegative,1
'considered,1
'dangerously,1
'low,17
'vivid,1
'memory,3
'sitting,6
'wheelchair,5
'covered,3
'blanket,1
'catching,2
'glimpse,2
'mirror,1
'looked,15
'lady,48
'barely,3
'walk,13
'meters,1
'appreciated,3
'fortunately,4
'fantastic,8
'struggling,7
'cope,3
'contrary,1
'colleagues,4
'boss,1
'incredibly,11
'supportive,10
'throughout,10
'frustrating,2
'desperately,2
'function,4
'far,16
'begins,1
'reject,1
'requires,2
'sustain,1
'scariest,3
'wished,2
'bigger,6
'house,10
'fancy,2
'car,5
'simple,13
'beach,1
'stuck,1
'lifechanging,1
'materialistic,1
'becoming,1
'caught,12
'whirlwind,1
'priceless,2
'pains,10
'sorrows,1
'joy,12
'history,12
'harveywho,1
'prescriptionsi,1
'herbals,2
'consultation,1
'http,1
'drharveyherbalworldblogspotcom,1
'desire,1
'sucks,18
'lets,11
'together,26
'httpsyoutubeorhltnvpmc,1
'cancerinvasive,1
'ductal,2
'carcinoma,6
'august,10
'many,116
'treating,10
'victory,5
'herbalist,8
'breakthrough,2
'contribution,2
'member,6
'suggested,6
'prescribed,7
'waste,4
'sani,2
'perfectherbalcuregmailcomor,1
'callwhatsapp,3
'renal,3
'kidney,10
'prescription,4
'availfebruary,1
'determined,3
'incidental,1
'seen,25
'gall,3
'signs,5
'tumor,26
'followed,7
'deemed,1
'april,3
'sternum,1
'turned,12
'previously,2
'grown,3
'broke,13
'oral,8
'experiencing,6
'febmarch,1
'additional,4
'eliminated,1
'break,9
'identified,1
'scar,5
'tissue,1
'remain,1
'chinese,2
'herbalists,1
'sale,2
'bashiru,1
'necessary,3
'forms,6
'fill,2
'oil,29
'trialim,1
'freehere,1
'address,5
'sarahsmigmailcom,1
'ovie,3
'doubted,1
'testifying,2
'oviemiraclemedicinegmailcom,2
'specialize,2
'hepatitis,14
'infertility,4
'diabetes,7
'surviver,1
'worried,14
'typhotherapist,1
'various,4
'proud,38
'last,77
'miserable,3
'sold,2
'property,2
'africa,7
'whose,5
'trained,1
'india,10
'leave,14
'minnesota,1
'suffered,6
'againif,1
'problem,26
'worked,8
'informative,5
'httpsyoutubeiyhnrpznk,1
'depend,2
'themself,1
'danger,5
'pls,9
'ignore,3
'soul,37
'george,2
'johannesburg,1
'covering,2
'lower,6
'lobe,1
'spread,20
'short,9
'thc,4
'content,4
'promise,13
'livespls,1
'forward,14
'others,36
'avoid,8
'cow,2
'diary,1
'study,3
'reported,1
'increases,2
'risk,15
'shocking,1
'lung,19
'researches,1
'smoking,10
'smoked,1
'concerns,1
'saddest,1
'notable,1
'beginning,7
'worse,10
'everyday,17
'enough,27
'difficult,23
'talk,24
'properly,1
'proved,1
'abortive,1
'couldnt,11
'risky,1
'searched,3
'particular,1
'traditional,3
'balabash,1
'drbalabashherbalhomegmailcom,1
'instructions,2
'delivery,1
'experienced,3
'balance,4
'coughing,1
'breathing,4
'sleeping,2
'troubles,2
'checkup,5
'appointment,7
'sixth,2
'longer,10
'win,23
'war,1
'number,18
'osaba,2
'wonderful,44
'drosabacurehomegmailcom,2
'awful,13
'heroines,1
'subscribe,1
'christian,5
'funnies,1
'funny,9
'lighthearted,1
'stiff,1
'sometime,1
'visiting,1
'scan,13
'tested,28
'result,15
'bc,7
'age,56
'marriage,2
'unshakable,1
'unmovable,1
'devastated,2
'outta,1
'understand,22
'feelings,2
'greatest,5
'healer,16
'miracles,7
'demonstrates,1
'fortunate,6
'receive,6
'mercy,5
'sentence,5
'ratebreast,1
'asymptomaticbreast,1
'lumps,2
'amount,10
'infobreast,1
'prevention,3
'environmental,1
'hormones,1
'httpsbeeigoodcomblogpostbreastcancerpreventionandtreatmentguideline,1
'estheticsinstitutega,1
'women,40
'identify,1
'earlier,2
'completed,6
'rd,3
'kemo,1
'readio,1
'begging,1
'blessings,34
'lead,5
'rates,4
'risen,1
'mammography,1
'overdiagnoses,1
'millions,6
'mutilated,1
'knives,2
'poisons,1
'ionizing,1
'agonizing,1
'torturous,1
'exposing,1
'murderforprofit,1
'industry,5
'httpsendalldiseasecomthecancerindustry,1
'less,22
'john,6
'yochanan,1
'russell,1
'shocked,4
'reversing,2
'myeloma,2
'leaving,5
'hospice,5
'remaining,1
'shin,1
'terayama,1
'listening,7
'around,52
'odds,4
'incurable,3
'sclerosis,3
'palmer,1
'kippola,1
'symptomfree,1
'twentyfive,1
'amazing,161
'hear,33
'hay,3
'production,1
'firstever,1
'radical,6
'remission,15
'march,6
'click,2
'episodes,1
'httpshhafftrkcomacprutmcampaignaffsocialoptin,1
'acids,3
'building,3
'fluid,2
'sewer,1
'movement,1
'wear,15
'bra,3
'bed,5
'neverrarely,1
'breaking,7
'meshes,1
'sooncan,1
'grandma,9
'critical,2
'must,28
'happened,34
'rn,1
'rest,45
'clavicle,1
'gives,23
'hopeless,2
'real,32
'thst,1
'bump,3
'growing,2
'chest,4
'itch,1
'benign,5
'office,4
'sharp,1
'instrument,1
'scraped,1
'sounded,2
'scraping,1
'concrete,1
'sewed,1
'six,10
'stitches,1
'leslie,2
'eyes,23
'listened,3
'thyroid,7
'httpswwwgofundmecomfvdtelyoutmmediumcopylinkutmsourcecustomerutmcampaignpnasharesheetrcidcabbdbebabafda,1
'cancr,1
'nine,1
'stephanie,1
'officially,1
'announced,4
'instagram,6
'page,3
'western,3
'society,2
'httpswwwyoutubecomwatchvtoocbvsjc,1
'defied,1
'blissed,1
'powerful,46
'needs,37
'reason,23
'circumstances,6
'reasonbut,1
'thirsty,1
'water,25
'hungry,1
'bread,3
'lonely,3
'lovefor,1
'bares,1
'scars,3
'womanit,1
'common,10
'humanity,3
'completethe,1
'appreciatealways,1
'uncertainty,1
'futurebut,1
'brings,8
'smile,32
'eyesif,1
'fear,10
'haveto,1
'brook,1
'inflammatory,1
'refused,4
'energetic,1
'absolutely,22
'juice,4
'ozone,1
'cannabis,10
'uc,1
'davis,1
'wan,13
'interview,6
'wwwgofundmecomhelpkarengayfightcancer,1
'prayer,26
'regards,2
'jatin,1
'sharma,1
'brave,129
'awareness,11
'business,4
'commercial,2
'solutions,3
'shortcuts,1
'official,1
'reply,4
'list,4
'httpsgivealittleconzcausewishlistcancersurvivor,1
'created,7
'tee,1
'stressful,2
'affects,2
'physically,5
'mentally,8
'socially,1
'loses,1
'eat,44
'healthily,1
'guidance,1
'physician,2
'online,22
'consultant,2
'portal,3
'ayurveda,1
'specialized,1
'doorstep,1
'per,22
'relief,6
'anne,1
'alex,1
'missed,15
'remarried,1
'younger,11
'sorrownow,1
'cancerim,1
'upnever,1
'folks,2
'mether,1
'cursed,2
'soursop,5
'dandelion,4
'red,48
'seeded,1
'grapes,1
'key,5
'lime,3
'teacher,2
'differently,2
'change,22
'cry,32
'anxiety,9
'issue,11
'questionable,1
'biopsies,3
'sooo,12
'nervous,2
'procedure,7
'especially,22
'results,22
'word,11
'womenthank,1
'httpswwwpakistantodaycompkvillagewomenafewmilesfromlahorefindacureforbreastcanceramp,1
'httpswwwyoutubecomwatchvimternlfeatureyoutube,1
'httpswwwgofundmecomzelsmomhaslatetermbreastcancerpcotcodashboardarcidecccedaaacad,1
'beast,6
'looks,120
'haha,5
'httpsyoutubebvgemsrzc,1
'canada,6
'unique,3
'determination,2
'accordance,2
'september,2
'mets,4
'cried,13
'silently,1
'night,15
'wondered,2
'whole,27
'option,8
'alternative,5
'holistic,1
'success,12
'clinics,2
'mexico,7
'hold,16
'hidalgo,1
'mail,2
'phone,11
'skype,1
'showed,6
'scans,5
'fly,2
'shipped,2
'apollo,1
'period,6
'protocols,2
'wings,3
'ned,4
'mu,1
'oncologist,7
'stunned,1
'expiring,1
'date,2
'conventional,1
'whoever,3
'reading,11
'spirit,19
'whatsoever,1
'drehimenherbalgmailcom,1
'kills,6
'stay,151
'titties,1
'cancerous,4
'ur,19
'consider,4
'pretty,36
'close,16
'blessed,26
'talking,14
'encouraging,3
'birad,1
'area,12
'plan,9
'lifetime,1
'strengthening,1
'begin,4
'maimonides,1
'shit,46
'labor,1
'union,2
'representing,2
'employees,2
'means,13
'crap,4
'forme,1
'excpet,1
'bruising,1
'parts,5
'cold,7
'sweats,1
'telltale,1
'rip,39
'sorry,64
'diagnosis,22
'kydeae,1
'attention,11
'val,2
'smaller,6
'youtuber,2
'yal,1
'woulfnt,1
'ligma,2
'gerd,1
'kinda,6
'horrible,31
'focus,6
'convinced,3
'hate,16
'swear,1
'ive,37
'watched,16
'streams,5
'seems,16
'inspirationalist,1
'da,8
'kyedea,2
'pack,1
'lool,1
'tenz,21
'ti,14
'picchia,1
'gets,46
'gaming,1
'smth,1
'watching,60
'envied,1
'realize,9
'hus,1
'goes,33
'uh,3
'triggering,1
'lol,39
'candid,1
'knowing,12
'clued,1
'existing,1
'chronic,8
'outside,4
'occasional,2
'ahahahahaha,1
'kyedae,72
'risked,1
'offend,1
'true,30
'refuses,1
'yearly,7
'tests,22
'becs,1
'young,73
'docs,2
'dumb,4
'lazy,1
'prolly,1
'bet,11
'lying,3
'teeth,1
'godbless,4
'damn,25
'saddening,1
'leukemia,21
'aml,10
'cml,2
'early,29
'moments,7
'technoblade,7
'id,7
'crying,12
'hyperventilating,1
'borrow,1
'acute,4
'myeloid,3
'poor,22
'flashbacks,3
'posted,5
'vary,2
'factors,1
'including,6
'overall,3
'aggressive,12
'form,10
'white,9
'huge,15
'surprise,5
'shell,4
'lucky,16
'npcnek,1
'nevezte,1
'késelés,1
'lett,1
'vége,1
'rather,12
'admirable,7
'comfortably,1
'smoothly,1
'topic,3
'laugh,7
'often,22
'twitch,2
'clips,5
'pleasant,2
'hearing,8
'messes,1
'staying,9
'hahahahahahahaha,1
'recover,17
'yes,12
'uncle,8
'mukhtar,2
'meet,17
'sisters,2
'wait,30
'wat,1
'lote,1
'neck,5
'getts,1
'bruises,1
'united,2
'states,5
'kydae,5
'whos,5
'arent,6
'routine,2
'obviously,10
'insurance,9
'depending,3
'instead,5
'waving,1
'meth,21
'empire,1
'seriously,8
'badly,3
'loves,21
'cute,11
'respect,20
'guy,30
'puts,4
'merch,2
'valorant,5
'least,23
'bozo,1
'skill,1
'comes,19
'lllll,1
'fck,3
'luck,26
'thinking,22
'theres,15
'power,27
'verdient,1
'imagined,1
'feels,13
'reminder,3
'donate,4
'plasma,1
'sign,7
'stem,6
'donations,2
'calm,7
'treat,13
'bruised,2
'easily,9
'holy,13
'sht,1
'monkas,1
'alright,7
'extra,4
'tired,9
'achey,1
'terrified,3
'yo,5
'washe,1
'dunno,1
'shut,3
'sleep,16
'coklock,1
'atleast,3
'lukemia,1
'late,19
'bbbbutt,1
'engaged,1
'brother,34
'marrow,3
'transplant,7
'hojusara,1
'unforgiving,1
'maturity,1
'grace,33
'discover,2
'onewe,1
'techno,1
'badass,3
'karma,1
'weebs,1
'tbh,8
'force,14
'positivity,21
'underestimate,1
'strange,6
'news,17
'arrived,1
'accept,8
'fighint,1
'seek,5
'christ,33
'vaccinated,2
'bruise,3
'wouldve,3
'grows,2
'places,5
'trauma,2
'inflammation,3
'dam,5
'drew,1
'lottery,2
'gg,3
'lmao,7
'omg,21
'tt,1
'faking,1
'beats,3
'tough,23
'definitely,15
'gunna,1
'biggest,9
'course,8
'ofc,3
'learn,15
'adjusted,1
'therapies,3
'recent,4
'amlm,1
'personally,6
'cares,10
'heavy,5
'burden,3
'amen,27
'counts,2
'leukimia,1
'injury,1
'misspoke,1
'likely,4
'lately,1
'ez,1
'dub,1
'queen,6
'besides,9
'maybe,16
'hurt,17
'pop,5
'near,4
'future,11
'horrifying,1
'curable,1
'extent,3
'havehad,1
'easier,15
'classic,2
'hodgkins,5
'lymphoma,9
'currently,16
'monitored,1
'mess,5
'accidental,1
'third,10
'suddenly,2
'dose,14
'levothyroxine,1
'fatigued,1
'beforehand,2
'sneaky,1
'surprisingly,4
'handle,11
'calmly,2
'wtf,7
'shortage,1
'stuff,16
'accurate,4
'action,3
'playing,7
'valor,1
'fr,5
'stranger,3
'internet,13
'weird,8
'asf,1
'supposed,6
'cool,9
'weirdest,1
'phenomenon,1
'awkward,1
'helpful,12
'googling,1
'ing,2
'statistics,2
'etc,12
'btw,2
'pool,3
'adults,4
'median,1
'refrain,1
'access,4
'sadness,8
'powerlessness,1
'micro,2
'emotion,2
'shock,3
'takes,17
'streamercontent,1
'creators,1
'lifei,1
'recovers,7
'brutal,2
'ggez,2
'sheds,1
'exercise,5
'thislife,1
'fair,1
'enjoy,10
'awhile,1
'ouch,1
'point,9
'sickness,10
'matters,4
'fix,3
'dreams,4
'pursueget,1
'monthly,3
'expendable,1
'fact,12
'immature,1
'hide,5
'opposite,3
'laughing,2
'dealing,14
'exist,3
'embarrassed,2
'species,1
'finds,2
'donor,1
'lightly,1
'hypochondriact,1
'describe,4
'feeling,22
'boost,4
'giro,1
'yikes,3
'pulls,2
'portion,1
'cup,1
'secure,1
'sufficient,1
'weakness,5
'corinthians,2
'speedy,17
'foods,5
'idk,7
'schedule,3
'vax,1
'mentality,3
'interesting,5
'suck,9
'monetized,1
'reporting,1
'tyson,6
'brusing,1
'imo,2
'geddes,1
'leaked,1
'grandad,3
'instantly,1
'studying,2
'biology,1
'knows,15
'sonn,1
'hella,1
'yep,2
'cooking,6
'denatures,1
'protein,10
'enzymes,1
'vitamins,1
'oxidizes,1
'fats,1
'harder,5
'digest,1
'grass,6
'fed,2
'ruminant,3
'animals,2
'nutritious,1
'partly,1
'convert,1
'unsaturated,1
'fatty,3
'saturated,4
'stable,3
'membranes,1
'supply,2
'muscle,2
'fruit,4
'source,2
'carbs,2
'wants,8
'eaten,2
'seeds,6
'honey,8
'bees,1
'animal,5
'vegetables,7
'defense,1
'chemicals,2
'energy,13
'resources,1
'fat,8
'ensure,2
'raw,6
'animalsmilkbuttersuet,1
'fruitfruit,1
'juicehoney,1
'experiment,1
'regulate,1
'sources,1
'quality,7
'food,32
'afford,4
'slow,5
'gradually,4
'meat,10
'bit,10
'freeze,1
'thaw,1
'hours,14
'either,6
'fridge,2
'counter,1
'ate,2
'meals,2
'acting,3
'genuinely,3
'moral,1
'vapesmoke,1
'mangae,1
'laughingstay,1
'fkin,1
'motivations,1
'game,3
'ups,4
'seem,10
'annoying,1
'safe,15
'purple,3
'stronge,2
'waitt,1
'waht,1
'maannn,1
'thinging,1
'abt,3
'knoiws,1
'canser,1
'kicking,5
'ass,21
'speaking,4
'recording,2
'provide,4
'photo,1
'peoples,6
'lives,18
'squamous,3
'tongue,9
'immunocompromised,2
'bcz,2
'sle,1
'factor,4
'hv,1
'opted,4
'opposed,1
'finish,3
'round,7
'shows,11
'agreed,1
'radius,1
'includes,1
'removal,9
'monday,1
'dentist,2
'clinic,9
'campus,1
'encouraged,3
'spanish,2
'figure,1
'speech,1
'continued,22
'pharmacy,3
'student,1
'interested,8
'summer,6
'encourage,3
'undergoing,2
'heading,1
'investigation,1
'sweet,63
'gping,1
'threw,4
'tobut,1
'tonsell,1
'treamentnow,1
'tongi,1
'realley,1
'gired,1
'smoke,4
'drink,15
'tobacco,1
'drinker,1
'related,12
'posting,9
'courage,30
'ahead,5
'inspiration,44
'yr,12
'outcome,6
'bright,8
'remarkable,4
'funeral,1
'moms,2
'hospitable,1
'gotten,7
'dats,1
'tuff,3
'super,18
'gws,1
'bald,46
'underneath,4
'hair,60
'wearing,6
'wig,27
'takla,1
'gi,2
'jane,2
'sacy,1
'womem,1
'npc,1
'miss,18
'jett,1
'buff,5
'crazyyyy,1
'wdym,1
'germany,5
'effect,4
'apart,4
'streamer,3
'que,20
'bonita,1
'sob,3
'frustrates,1
'bf,4
'mocked,1
'technoblades,1
'unfortunate,3
'passing,2
'stopped,7
'mocking,1
'lesson,1
'shouldnt,3
'mock,1
'however,5
'stupid,12
'unreasonable,1
'react,1
'comfort,11
'insensitive,1
'logical,1
'forgive,4
'dumdum,1
'mullet,1
'alopecia,3
'randomly,3
'density,1
'thin,4
'relate,4
'painit,1
'half,20
'beauty,18
'ripped,1
'ngl,5
'fire,2
'maki,1
'csm,1
'impressive,2
'prayed,4
'clip,4
'opportunity,5
'cash,2
'views,5
'ton,2
'youtubers,1
'damni,1
'cousin,5
'imagine,23
'toohope,1
'ayyo,1
'goin,1
'notice,1
'complete,19
'reminds,4
'narutos,2
'mum,20
'kyeade,1
'أحبك,1
'naw,1
'kyeadae,1
'gorgeous,12
'color,4
'holding,4
'sadly,7
'kushina,15
'uzumaki,8
'daph,4
'tyler,1
'held,1
'slip,2
'beside,3
'fan,3
'kyadae,3
'suprises,1
'cock,1
'raging,1
'referring,1
'limp,1
'mald,1
'offense,2
'balding,1
'jesse,1
'single,15
'male,3
'mothers,2
'basement,1
'multiply,2
'properties,3
'quick,7
'tip,9
'dammm,1
'wendys,1
'meta,1
'survives,1
'aceu,2
'playin,1
'apex,1
'bruh,3
'anime,3
'waifu,2
'fellow,5
'canadian,2
'repping,1
'humor,5
'smiles,2
'upon,11
'enemies,1
'ya,14
g,2
'youll,14
'alive,11
'streaming,1
'normally,2
'happily,2
'clan,1
'exists,2
'fucking,17
'simps,1
'chat,4
'mad,3
'garbage,3
'wipe,2
'butt,8
'forgot,2
'wigs,7
'tap,2
'grabbing,1
'plunger,1
'following,6
'ways,4
'hairs,5
'monkey,1
'elle,1
'review,7
'yoo,1
'pull,2
'te,26
'amamos,1
'kye,1
'verge,3
'favourite,1
'hating,1
'breaks,16
'aaaaaaaaaaa,3
'hug,13
'wins,1
'nt,1
'lilypichu,2
'allow,4
'energies,1
'drain,2
'anri,1
'blue,6
'lock,2
'chicks,1
'recast,1
'ariel,1
'stronger,24
'hiding,5
'rize,1
'kamishiro,1
'fuckcancer,3
'posts,2
'twitter,2
'stream,4
'katarina,2
'lmfaoooooooooooooooooooooo,1
'insane,3
'followers,1
'pity,1
'conquer,3
'nooooooooooooooooooooooooooooooooooooooooooooooooooooooooo,1
'misery,1
'enemy,1
'cosplay,5
'arc,3
'saitama,4
'vibe,1
'lie,4
'fans,7
'guess,11
'ihhh,1
'sutes,1
'werry,1
'meanings,1
'lookin,2
'makise,2
'kurisu,3
'steins,2
'gate,2
'rounder,1
'kekw,1
'kyaedae,1
'fucked,11
'memories,9
'reliving,1
'okie,1
'rooting,13
'dollars,2
'pic,3
'absolute,7
'gigachad,1
'resilience,2
'supporting,18
'jah,1
'katob,1
e,23
'miemi,1
'de,27
'tine,2
'oircum,1
'ai,1
'fi,1
'dye,1
'colour,1
'nilou,1
'hyedra,1
'technically,1
'redhead,1
'endd,1
'legit,4
'naruto,2
'showing,11
'cuz,5
'streamers,2
'makima,4
'san,4
'task,3
'wishes,26
'tennz,1
'hittin,1
'dat,2
'plundger,1
'stopping,1
'wraith,2
'hang,25
'tougher,1
'baldae,3
'happend,2
'kayde,1
'chadwick,1
'boseman,1
'challenge,5
'safely,1
'upsides,1
'zombie,2
'ninjae,1
'buddy,2
'donut,1
'alters,1
'blonde,1
'sessions,2
'curly,1
'brown,1
'disrespectful,1
'hence,1
'shaving,4
'baldies,1
'basics,1
'education,1
'learning,3
'pale,1
'prefer,6
'shed,2
'rocking,2
'shaved,2
'features,1
'rock,9
'uzumakii,1
'chigiri,1
'milking,1
'travel,4
'lifestyle,4
'avoided,1
'noooooooooooooooooooooo,1
'aswell,2
'nooooo,1
'cover,6
'sweetest,11
'unfair,6
'shopping,2
'religious,2
'tries,3
'dare,1
'tear,4
'embarassing,1
'clean,8
'neat,1
'kyedaes,2
'boy,5
'remind,5
'kushinait,1
'misogynist,1
'hearted,1
'pure,5
'loyal,1
'among,3
'kardashian,1
'tryna,1
'enjoying,2
'glass,2
'wine,2
'broo,1
'fghting,1
'letting,7
'cutest,4
'beanies,1
'stunning,3
'personality,4
'lily,1
'figured,2
'uzamaki,1
'cheap,3
'af,5
'hairstyle,2
'emiru,1
'disabled,2
'upload,1
'lbh,1
'ik,2
'damm,1
'bout,2
'reveal,3
'strongest,19
'jaw,1
'line,11
f,6
'lmfaoo,1
'realise,2
'benefits,10
'styles,1
'colours,1
'incoming,2
'constantly,7
'demanding,1
'hat,4
'normalcy,1
'reminded,3
'parasocial,1
'shown,7
'seeker,1
'boo,2
'hoo,1
'asian,3
'anyways,2
'aw,3
'scalp,2
'nothings,1
'karin,2
'tier,1
'level,7
'clickbait,1
'add,5
'xd,2
'hot,7
'loosing,1
'cypher,1
'ult,1
'slay,1
'agent,2
'context,1
'bcs,1
'ig,1
'steinsgate,1
'unlocking,1
'unlimited,2
'activated,3
'players,4
'beware,1
'cuteeeeeeeeeeeeeeeee,1
'thru,20
'kasumi,1
'yoshizawa,1
'proves,2
'sm,1
'visible,1
'ex,6
'gfs,1
'grew,5
'cling,2
'anywayssuch,1
'woke,1
'random,1
'auper,1
'saiyan,1
'catch,8
'fits,1
'wth,2
'prettyyyy,1
'farming,2
'offline,1
'ducked,1
'jinchuriki,1
'cutee,1
'speaks,1
'volume,1
'comeback,2
'fam,3
'recomend,1
'yvonne,1
'haircut,1
'sort,2
'character,2
'vibrant,1
'likes,2
'admiring,1
'extremely,14
'emotions,4
'crushes,1
'sooner,4
'ice,6
'spice,1
'havent,8
'donation,4
'female,2
'lolll,1
'welcome,2
'wellness,5
'rias,1
'gremory,1
'kaitama,1
'critically,1
'acclaimed,1
'mmos,1
'transmog,1
'competitions,1
'sings,1
'otona,1
'comfortable,2
'andrew,1
'tate,1
'version,4
'moneyshe,1
'influenctialshe,1
'networkingshe,1
'glasses,1
'althou,1
'shadedsungalsses,1
'burnt,1
'meaning,2
'tomato,4
'variant,1
'chair,4
'games,1
'brooo,1
'regret,2
'muslim,2
'homies,1
'nazr,1
'victim,5
'bang,1
'tooth,1
'pleasse,1
'defeat,2
'nana,1
'agree,4
'pilgrim,1
'regarding,2
'macmillan,30
'toss,1
'green,5
'folder,1
'telephone,1
'nurse,15
'appointments,3
'ambulance,4
'run,5
'reorganising,1
'juggling,1
'whilst,1
'possibility,5
'losing,7
'nhs,3
'quid,1
'advise,2
'charity,9
'advert,22
'floor,4
'powerfull,1
'hits,7
'music,10
'chokes,1
'macmillian,2
'bryan,1
'ad,19
'question,9
'song,18
'snowbirds,10
'flown,4
'band,2
'silent,11
'oxford,1
'strongly,4
'grandpa,10
'pleaseee,1
'christmas,3
'radiotherapy,5
'cancersurvivingmum,1
'throat,7
'macmillans,2
'emails,1
'wanting,2
'hade,1
'everytime,2
'fall,5
'laughed,2
'sank,1
'nosey,1
'inside,34
'involved,2
'caring,9
'werent,2
'repeated,3
'aware,5
'practical,1
'financial,1
'advertisement,4
'supported,2
'unfortunately,16
'deep,6
'james,1
'youve,16
'frames,1
'manages,1
'image,2
'picked,5
'radiography,1
'oncology,13
'university,3
'inspires,1
'piano,1
'actress,2
'individual,4
'extolls,1
'virtues,1
'applaud,1
'grand,1
'sucked,1
'pal,1
'touching,3
'shout,2
'composer,1
'cinematographer,1
'adits,1
'gosh,3
'youngest,3
'attended,1
'funerals,1
'weddings,1
'christenings,1
'waiting,19
'lots,47
'moved,5
'someday,2
'wednesday,3
'evening,3
'errytime,1
'lovely,16
'sis,4
'backwish,1
'charityx,1
'immense,1
'fund,2
'raising,3
'goosebumps,2
'sycamore,2
'tapes,2
'june,5
'nurses,12
'stress,9
'discriminate,1
'candidates,1
'leon,1
'saturday,3
'presenting,1
'hour,13
'radio,6
'station,1
'donating,1
'justgivingdotcomurymarathon,1
'supersonic,1
'rewards,1
'included,3
'browser,1
'usually,7
'view,4
'entirety,1
'exception,2
'section,2
'touched,4
'youtubetruly,1
'godmother,1
'cfescotland,1
'boot,2
'aid,2
'response,3
'larger,1
'companies,1
'tesco,1
'capital,1
'fm,1
'events,2
'charities,1
'dedicated,4
'effort,2
'award,2
'nearly,4
'elizabeth,2
'campaign,1
'mac,3
'millan,1
'dropped,1
'alonewishing,1
'void,1
'fiance,1
'il,4
'reality,4
'dear,39
'forgotten,2
'unsupported,2
'investigate,2
'org,2
'spaces,2
'terminal,4
'thekooljack,1
'december,7
'radiology,1
'donated,4
'privately,1
'market,1
'approx,2
'private,8
'cost,6
'researched,1
'freely,1
'closer,3
'organisations,1
'royal,2
'marine,1
'theyd,1
'mistake,1
'unbelievably,2
'marathon,2
'spot,5
'diagoned,1
'veronica,1
'hopefull,1
'brilliantly,1
'films,1
'continue,32
'xx,18
'rearrangement,2
'search,8
'bowl,2
'millian,1
'chester,1
'dads,2
'law,4
'joan,2
'stayed,4
'joans,1
'track,5
'british,1
'dianosed,1
'dianosis,1
'sobbing,2
'wellmade,1
'lunch,1
'spotand,1
'falling,1
'manny,1
'arms,8
'brilliant,9
'chill,2
'wks,1
'pressed,1
'button,1
'captures,2
'rely,4
'highly,5
'emotive,1
'promote,1
'theatre,1
'ness,1
'huh,2
'excellent,2
'sufferer,1
'fabulous,5
'shiver,1
'toe,3
'fab,2
'goose,1
'bumps,1
'chills,2
'patsy,1
'vicki,1
'youd,2
'ring,6
'link,5
'site,1
'joyce,1
'important,21
'deny,1
'eventually,3
'pros,1
'sees,1
'specialists,2
'goodness,10
'staff,4
'drifted,1
'answering,1
'silly,1
'macm,1
'thankyou,3
'lived,10
'metastatic,5
'representation,2
'visuals,1
'confusion,1
'receiving,4
'subsequent,1
'impacts,1
'massive,5
'allx,1
'wept,2
'hated,7
'needles,4
'fortys,1
'feet,9
'burned,3
'popcorn,1
'pounds,9
'mexican,1
'delia,333
'ead,1
'ne,2
'colonrectal,1
'operate,3
'studied,1
'operation,4
'active,6
'destroy,5
'tells,3
'underlying,1
'idea,9
'doses,5
'precise,1
'targeted,4
'spreads,1
'thus,3
'creates,1
'deeds,1
'persistently,1
'mistakes,4
'excuses,1
'value,4
'considers,1
'forgiven,1
'behind,13
'exchuses,1
'sweets,1
'liter,1
'beetroot,1
'tragedy,2
'moderate,1
'rudolf,1
'breuss,1
'redoaion,1
'happygolucky,1
'nails,6
'lov,1
'ciento,1
'mucho,2
'el,9
'proselitismo,1
'pero,4
'ay,1
'un,12
'dios,8
'va,4
'ayudarte,1
'se,9
q,10
'es,7
'poderoso,1
'curry,1
'blake,1
'jglm,1
'ministries,1
'manage,3
'battling,8
'radiations,1
'chemos,5
'infusion,29
'ordeal,2
'afterwards,3
'deal,2
'neuropathy,1
'nausea,6
'diarrhea,1
'acid,6
'reflux,1
'infinitum,1
'discomfort,1
'sensations,1
'acquired,1
'language,2
'pressure,5
'thu,1
'disclose,1
'causing,1
'feryalxmakhedoom,1
'google,6
'attack,7
'cardio,1
'toxicity,1
'pomegranate,1
'cellskiwi,1
'toogarlic,1
'goodand,1
'fish,1
'port,48
'belive,2
'itzzz,1
'shee,1
'ugh,4
'sacks,1
'altogether,1
'prophylactic,1
'measure,3
'claiming,1
'nonbinarytrans,1
'identity,1
'disgustingly,1
'skinny,33
'anyway,8
'unless,3
'organ,1
'causes,9
'sugar,10
'fresh,6
'squeezed,1
'lemon,5
'apricot,4
'ela,2
'faleceu,1
'cruel,17
'poison,5
'soil,1
'infusions,24
'allergic,6
'tesòho,1
'fatto,1
'flebo,1
'trattamenti,1
'di,4
'tutto,2
'nel,1
'anni,2
'ormone,1
'terapia,1
'sono,5
'trascorsi,1
'ben,35
'adesso,1
'ho,2
'nuovamente,1
'ciclo,1
'sto,1
'benema,1
'laver,1
'sofferto,1
'si,4
'dimenticabisogna,1
'avere,1
'tanto,3
'coraggio,3
'fede,2
'sposata,1
'abbiamo,1
'una,8
'figlia,1
'anniviva,1
'la,16
'expert,2
'cleaning,2
'botched,1
'gallbladder,3
'popped,1
'hospitals,4
'visits,1
'gladly,3
'boring,1
'presence,2
'devil,27
'caraaaa,1
'stella,1
'accompany,2
'update,7
'injection,1
'costs,1
'merica,1
'greedy,1
'healthcare,2
'sarah,1
'mcwilliams,1
'undergo,4
'unknown,4
'updates,3
'although,7
'aged,5
'induced,3
'cardiac,2
'gonad,1
'failure,4
'momenttry,1
'testplss,1
'none,4
'yabut,1
'godallah,1
'yalove,1
'alli,1
'prophets,2
'ademnoah,1
'ibrahamsulomongautamkrisnamosesjesus,1
'muhammadall,1
'prophetsmessengers,1
'braver,3
'fibrolamellar,1
'youth,2
'exposed,4
'whyyy,1
'advance,1
'familys,2
'david,2
'tchandana,1
'gute,4
'besserung,2
'welchen,1
'krebs,1
'hatten,1
'sie,1
'httpswwwyoutubecomwatchvtozutthk,1
'girlfriend,2
'experiences,2
'percent,5
'cyanide,2
'molecule,3
'seed,4
'derivitives,1
'amygdala,1
'pills,10
'laetrile,2
'serum,1
'derived,3
'attached,2
'passes,1
'harmlessly,1
'phillip,1
'bissell,1
'mds,1
'successes,1
'excerpts,1
'steroid,3
'appetite,7
'reaction,5
'doxyrubsin,1
'nasty,8
'customer,1
'toxic,4
'uterine,2
'cervical,5
'st,13
'somebody,1
'als,2
'ct,7
'shrunk,5
'hysterectomy,2
'rounds,13
'crapless,1
'expect,2
'heartburn,3
'tums,1
'candy,17
'thisthankfully,1
'pelvic,1
'examso,1
'waist,1
'length,1
'birthday,10
'hey,20
'faster,3
'room,12
'depleted,1
'neutrophils,1
'granulocytes,1
'leukocytes,1
'texas,7
'wears,1
'mask,10
'expected,1
'sit,6
'general,3
'crammed,2
'masks,3
'elbow,4
'fluids,5
'iron,4
'boggling,1
'unprotected,2
'unsafe,1
'extreme,2
'nikola,1
'tesla,1
'httpsyoutubemblpsgmda,1
'soo,4
'note,4
'yuck,4
'taste,49
'saline,39
'flush,18
'australia,11
'predrawn,2
'syringes,1
'american,5
'draw,2
'ampoules,1
'plastic,3
'leech,1
'heaps,1
'subtle,1
'theory,1
'absorbs,1
'syringe,3
'adult,1
'essential,2
'tasting,5
'chemical,3
'ability,4
'request,3
'chairs,1
'slammed,1
'believes,1
'guest,1
'required,1
'spero,3
'sei,3
'guarita,3
'hun,3
'mebendazole,4
'ivermectin,6
'hows,2
'immunotherapy,3
'fuk,3
'feeds,2
'um,2
'adriamycin,3
'cytoxan,1
'switched,2
'taxol,7
'middle,3
'tampa,1
'drawdoctor,1
'casino,1
'played,1
'dancing,3
'triple,5
'survivorship,1
'leaves,11
'kangen,1
'detox,3
'guanabana,1
'scam,2
'sweetie,11
'hodgkin,3
'arm,5
'picc,3
'hickman,1
'interference,1
'wild,4
'berries,1
'upto,1
'medicinal,1
'proven,4
'ancestors,1
'autopsy,1
'polluted,1
'artificial,2
'warrior,35
'light,36
'intravenous,2
'vitamin,23
c,14
'turkey,3
'tail,3
'mushroom,2
'ted,2
'stamet,1
'thomas,1
'levy,1
'alkaline,4
'basische,3
'ernährung,3
'alkalino,1
'destiny,1
'opinion,7
'medicin,1
'n,13
'coreyu,1
r,14
'worm,1
'pigs,2
'dogs,1
'toilet,6
'fatigue,2
'estrogen,5
'abbraccio,4
'grande,4
'prostrate,3
'folarin,9
'saved,17
'mit,2
'chemotherapie,2
'werden,1
'jedes,1
'jahr,1
'tausende,2
'menschen,4
'umgebracht,2
'ersten,1
'weltkrieg,1
'hieß,1
'senfgas,1
'wo,1
'worden,1
'bei,1
'der,4
'rollt,1
'rubel,1
'für,1
'schulmediziner,1
'wie,1
'können,1
'gifte,1
'einen,2
'gesunden,1
'krank,1
'machen,2
'kranken,1
'gesund,1
'völlig,1
'unlogisch,1
'schulmedizin,1
'logik,1
'nichts,1
'zu,1
'tun,1
'meisten,1
'krebspatienten,2
'sterben,1
'nicht,1
'krebssondern,1
'schulmedizinischen,1
'behandlung,1
'nur,1
'klassische,1
'naturheilkunde,1
'kann,1
'heilen,1
'господи,1
'что,1
'происходит,1
'почему,1
'болеют,1
'такие,1
'молодые,1
'black,8
'schulze,1
'superfood,1
'hiprettybe,1
'yau,1
'recurrence,2
'whyyyy,1
'detect,1
'joe,17
'dispenza,17
'buk,1
'tonight,3
'meds,14
'injected,1
'machine,8
'regulates,1
'dosage,2
'mechanical,1
'regulator,1
'amazingly,6
'pharma,2
'deliver,2
'norm,1
'mcdonald,1
'closest,3
'gain,5
'sympathy,3
'declare,2
'mouth,35
'raised,6
'justified,1
'profess,1
'savedromans,1
'sacrificed,1
'appear,3
'bear,2
'sin,3
'salvation,3
'himhebrews,1
'acknowledge,4
'sinner,1
'forgiveness,1
'precious,12
'calvary,1
'willing,3
'romans,1
'confess,2
'hearts,5
'shall,4
'savior,5
'leads,3
'license,1
'repentance,2
'therefore,2
'transform,1
'honor,4
'dying,7
'eternal,4
'sicker,2
'вселенная,1
'пусть,1
'на,1
'ее,1
'месте,1
'окажется,1
'галия,1
с,1
'которая,1
'предала,1
'меня,1
и,1
'подставила,1
'да,1
'будет,1
'так,1
'air,6
'tuesday,2
'keeping,25
'courageous,14
'bow,1
'beyond,3
'thérapy,1
'jak,1
'ludzie,1
'mogą,1
'się,3
'tak,3
'truć,1
'wstrzykując,1
'sobie,1
'broń,1
'biologiczna,1
'która,1
'niczego,1
'dobrego,1
'nie,4
'zrobi,1
'odwrotnie,1
'wyniszcza,1
'cały,1
'organizm,1
'narządy,1
'niszczy,1
'zdrowe,1
'komórki,1
'mutujac,1
'zabija,1
'najgorszego,1
'zła,1
'jakim,1
'jest,1
'komórka,1
'macierzysta,1
'nawet,1
'jej,1
'powącha,1
'tv,9
'admire,11
'unusual,1
'memorial,2
'sloan,1
'kettering,1
'data,4
'base,2
'cervix,1
'windmill,1
'ogoh,11
'pakistan,1
'soooon,1
'technology,1
'improves,1
'drohanon,1
'itweakness,1
'stomach,13
'cramps,1
'hasnt,4
'fallen,1
'breathe,2
'pneumonia,1
'laser,2
'july,5
'sănătate,1
'scumpo,1
'usa,6
'ohanon,1
'married,3
'pregnant,4
'twins,5
'nobody,8
'throw,5
'youi,2
'nowmay,1
'jehovah,2
'youcomfort,1
'eliminate,3
'paini,1
'proclaiming,1
'healinggod,1
'physical,4
'usedduring,1
'makeing,1
'itd,1
'decision,11
'mighty,4
'weekly,2
'standing,4
'facing,5
'rejecting,1
'consoled,1
'voglio,3
'bene,3
'million,4
'average,4
'kisses,6
'thanksgiving,1
'cristina,1
'sanchez,1
'loving,22
'vibes,18
'prise,1
'wees,1
'weeds,1
'rchop,1
'doxarubicin,1
'gross,8
'challenging,4
'triplets,1
'taxoterethats,1
'infused,5
'peeing,1
'orange,4
'hrs,2
'pee,4
'ideas,1
'kingship,1
'newly,1
'punished,1
'lulu,1
'author,1
'kevin,1
'anaekwe,2
'imma,2
'brand,2
'coop,1
'angel,17
'english,2
'subirlesplease,1
'gauze,1
'tape,4
'bandaids,1
'coincidence,1
'indian,3
'lungcancer,1
'chemotrratments,1
'ride,2
'evryone,1
'spare,2
'account,1
'dexamethasone,3
'soongod,1
'alcohol,10
'heatly,1
'tego,1
'nikt,1
'przewidzi,1
'każdy,1
'dzień,1
'należy,1
'boga,1
'harry,9
'bill,2
'humans,7
'territory,1
'nations,1
'global,4
'sauved,2
'milliard,2
'catégory,1
'heelings,1
'deaths,8
'retablissements,1
'members,3
'familly,2
'connaissances,1
'manqued,2
'éternity,1
'appréciate,1
'conaissances,1
'heat,1
'impossible,5
'shots,8
'thankfully,3
'igloo,1
'packs,1
'driving,1
'box,1
'refridgerated,1
'safety,2
'seal,1
'drs,7
'seals,1
'mos,2
'overcome,6
'greater,3
'grosses,1
'flatlined,1
'twice,7
'complicated,1
'pancreas,4
'minutes,12
'deus,7
'abençõe,1
'continues,5
'mastitis,1
'infectionso,1
'antibioticsteroids,1
'tab,1
'moonface,1
'thicker,1
'nippleand,1
'cancerso,1
'lnow,1
'eeous,1
'delivers,1
'storm,2
'throughplease,1
'repent,3
'saints,1
'raptured,1
'board,2
'except,7
'confessed,1
'commitment,3
'accepted,2
'dialysis,1
'eternity,2
'radiationi,1
'herebut,1
'ovarian,5
'septembers,1
'layer,1
'typing,1
'yoga,2
'mindfulness,1
'imp,1
'kris,1
'alhamdulillah,1
'sicktiredweak,1
'castor,1
'httpsyoutubekhedyae,1
'httpsyoutubetjwcffkng,1
'heparin,5
'catedral,1
'takmışlar,1
'xxxxxxx,2
'sarcoma,2
'odd,6
'akron,1
'esophageal,1
'january,5
'bones,10
'max,6
'oxaliplation,1
'neurotoxin,1
'fluorouracil,1
'tiny,5
'spec,1
'myliver,1
'destroyed,1
'calorie,1
'drinks,1
'pre,2
'exercising,1
'rorpopor,4
'mist,2
'immuntherapy,1
'hardest,5
'calls,2
'texts,1
'supplement,6
'example,15
'excitement,3
'order,10
'testified,2
'che,4
'sintomi,1
'hai,1
'avuto,1
'putting,12
'flushing,5
'surah,3
'rahman,2
'qari,1
'basit,1
'voice,6
'open,9
'sip,1
'creator,2
'contnusly,1
'amezing,1
'madness,2
'criminal,1
'carcinogens,1
'enjoyable,1
'prepare,1
'kick,13
'neuroscientist,8
'mainstream,8
'meditations,16
'succumbing,8
'fears,12
'accidents,8
'entirely,10
'unnecessary,10
'net,1
'proudly,1
'freei,1
'aluda,4
'trusted,1
'overwhelmed,5
'splendid,3
'miraculously,3
'oiwoh,3
'indebted,2
'droiwoh,2
'canccer,1
'httpsyoutubecomwatchvwxegaykdeafeatureshare,1
'twenty,1
'eight,2
'sleepless,2
'drogoh,4
'banner,2
'obulor,2
'ultimate,2
'nightmares,1
'ehizele,1
'httpswwwyoutubecomchanneluczbyxyqujpyssaq,1
'drayomede,1
'eradicating,1
'vlogs,3
'oklahoma,1
'contain,3
'ickonic,1
'burzynski,3
'coverup,1
'pioneering,2
'biochemist,1
'proprietary,1
'method,8
'successfully,2
'documentary,2
'audience,1
'enduring,2
'obtain,1
'fdaapproved,1
'clinical,6
'trials,3
'antineoplastons,1
'defying,1
'skepticism,1
'legal,2
'attacks,2
'federal,1
'agencies,1
'aches,3
'unending,4
'wisdom,3
'mados,3
'allot,1
'cancerhttpsyoutubecomchannelucccwvxcidqnljlpaq,1
'spirituality,1
'ibrahim,1
'jaffe,1
'sufi,1
'master,1
'spiritual,4
'guide,3
'integration,1
'practice,1
'current,2
'hoxsey,1
'overcame,1
'rejoices,1
'allowing,4
'younge,1
'gods,20
'drobulor,1
'solo,5
'boyfriends,1
'boyfriend,1
'cheat,1
'poisoned,1
'مرحبا,1
'يا,4
'رب,2
'العالمين,1
'قال,1
'تعالى,1
'في,1
'سورة,1
'الكهف,1
'fir,3
'bodo,1
'gaga,1
'inform,2
'immunodeficiency,2
'needing,1
'lines,2
'ivs,4
'ruining,1
'transfusions,1
'allows,1
'accessed,4
'whereas,4
'numbing,3
'cream,7
'numbs,1
'prick,2
'stinks,1
'reverse,1
'shortness,1
'daughters,1
'truth,9
'conversation,1
'candidate,1
'intense,2
'lighter,2
'maintenance,4
'remainder,2
'twoyear,1
'endured,2
'worsened,1
'exhausted,1
'endless,3
'opportune,1
'professional,2
'obiego,2
'african,1
'reversed,1
'naturopathic,2
'testimonials,4
'attributed,1
'distinguished,1
'skills,1
'phytotherapy,1
'informed,1
'capable,6
'tempted,1
'debilitating,2
'spite,1
'providence,2
'practitioner,4
'interpretation,1
'brief,2
'impact,3
'usage,2
'confirmed,5
'freed,1
'miraculous,2
'occurred,1
'pleased,3
'piece,8
'inwardly,1
'confidence,4
'hopeful,3
'confidant,1
'overcoming,2
'healthier,3
'create,2
'drharryobegogmailcom,1
'families,7
'subscribed,3
'dearest,1
'helpless,2
'cv,1
'restrictions,4
'vlog,4
'karen,1
'inspired,3
'writing,3
'diagnosing,1
'orphanage,1
'homeless,2
'privilege,3
'country,2
'enable,1
'minister,1
'massachusetts,1
'respond,4
'prove,2
'negativeits,1
'pleasure,2
'emuakhe,3
'channels,1
'sr,2
'deserves,4
'youtubethis,1
'mommore,1
'tudo,2
'está,2
'bem,1
'com,6
'você,1
'delighted,1
'drobaedo,1
'yesturday,1
'offi,1
'invasive,5
'tube,5
'itprayers,1
'niece,2
'undergone,3
'hm,4
'didi,3
'khub,1
'taratari,1
'sustho,1
'hoye,1
'jou,1
'bhagoban,2
'achen,1
'amai,1
'sab,1
'dou,2
'ar,1
'ka,1
'thik,1
'kore,1
'sweetheart,13
'recoverygod,1
'besr,1
'february,8
'bff,1
'momoh,1
'fibroid,6
'kod,1
'nas,3
'državi,1
'radi,1
'samo,1
'ukc,1
'luka,1
'najbolja,1
'klinika,1
'evropi,1
'svi,1
'umru,1
'nakon,1
'druge,1
'terapije,1
'consult,1
'pound,1
'flower,2
'promising,1
'advanced,5
'strengthen,3
'modulate,2
'sun,6
'exposure,3
'min,5
'midday,2
'iu,7
'vit,1
'ngdl,1
'powders,1
'beans,2
'lentils,1
'peas,1
'added,4
'gcmaf,1
'bravo,2
'probiotic,1
'mg,44
'juicing,1
'sodium,3
'bicarbonate,2
'orally,3
'correct,2
'alkalize,1
'neutralize,1
'digestion,1
'cups,2
'bath,8
'organic,5
'bentonite,1
'clay,1
'absorb,1
'toxins,1
'shower,4
'digestive,2
'charcoal,1
'caps,1
'bicarb,1
'reasearch,1
'shine,1
'adorable,4
'identical,3
'granddaughter,2
'tonya,2
'junior,1
'liquids,3
'grandchildren,1
'drinking,8
'koolaid,1
'bathroom,7
'vomit,2
'psychologically,1
'compared,2
'kaiser,1
'pandemic,5
'victimplease,1
'joke,4
'countryi,1
'atrt,1
'tumorthat,1
'cancerousnow,1
'lumbor,1
'spine,5
'quiser,1
'vai,1
'vencer,2
'isso,1
'smell,8
'lingers,1
'longest,1
'touchingim,1
'togod,1
'يارب,3
'لاتجعلنا,1
'مالاطاقة,1
'لنا,1
'به,1
'اللهم,2
'ادم,1
'علينا,1
'الصحة,3
'والعافية,2
'الحمد,1
'لله,1
'على,1
'نعمة,1
'وإسلام,1
'records,1
'coordinator,1
'dept,1
'productive,1
'witness,4
'warm,4
'blankie,1
'sikh,1
'headphones,1
'relaxing,2
'sooooo,7
'drive,3
'bother,1
'hopes,2
'radiates,1
'screen,2
'inspiring,20
'believer,1
'hubbies,1
'supplementyou,1
'draluda,2
'uromi,1
'httpsyoutubecomchannelucsflfmcvscmzqwfnrzla,1
'steroids,3
'outdated,1
'mms,1
'terrific,1
'dylan,93
'neulasta,2
'expression,1
'generates,1
'herceptin,3
'kiddo,1
'doresc,1
'multamulta,1
'sanatate,1
'sa,1
'vindecati,1
'conceive,4
'miscarriages,1
'block,3
'tubes,4
'ealiy,1
'sean,1
'opened,2
'melted,1
'takingi,1
'managed,3
'simply,3
'pill,7
'neon,2
'glowing,1
'girloral,1
'cancerfighting,1
'tablet,1
'liquid,5
'physicians,1
'risks,1
'priestess,1
'igvoodooonotse,1
'httpsthevoodoolovegoddesswebscom,1
'purpose,2
'surrounded,1
'cl,1
'gum,7
'actual,3
'smart,1
'minor,3
'comparison,1
'loose,5
'nevertheless,1
'autist,1
'rosary,2
'motivated,1
'dylon,1
'povera,1
'ragazza,3
'riesca,1
'guarire,1
'owoama,2
'worries,1
'bottom,4
'maria,2
'xxxx,5
'awwwwwgod,1
'yous,1
'aunt,6
'apposed,1
'glioblastoma,1
'sentall,1
'affect,4
'beloved,2
'italy,5
'comforting,2
'openly,1
'mama,4
'sue,1
'ayo,1
'cruciferous,1
'garlicno,1
'onions,1
'spring,1
'pao,1
'pereira,1
'releasing,1
'fasting,3
'eats,4
'checking,2
'foodsalcohol,1
'consume,5
'ducks,2
'specific,3
'buisness,1
'careful,4
'wrote,2
'knowledge,8
'herb,1
'nowadays,2
'lifestyles,2
'ppl,5
'benefit,5
'querida,1
'llegara,1
'dia,1
'diras,1
'estoy,2
'enferma,1
'nunca,1
'mas,2
'esta,4
'promesa,1
'en,12
'biblia,1
'isaias,1
'vers,2
'apocalipsis,1
'informacion,1
'tu,9
'idioma,2
'tjworg,1
'valla,1
'muy,1
'bien,1
'tunnel,1
'suremy,1
'gook,1
'conferm,1
'bileduct,1
'throws,2
'lemons,1
'lemonade,1
'blank,1
'preety,1
'gona,1
'hopeand,1
'syle,1
'praise,2
'allergy,1
'mixture,1
'انتي,1
'قويه,1
'وشجاعه,1
'httpsyoutubecomwatchvrthdedjfeatureshare,1
'выздоравливай,1
'быстрей,1
'ella,1
'chica,1
'tan,2
'valiente,1
'explaining,1
'angle,1
'documenting,1
'warrioress,1
'humanly,1
'cared,5
'progress,2
'latterly,1
'sweetly,1
'adrian,1
'bermuda,1
'pido,1
'sanes,1
'esa,2
'enfermedad,1
'nombre,1
'jesús,1
'mega,1
'vegan,5
'nowreally,1
'inspirationtruly,1
'rude,1
'bell,6
'babygirlthis,1
'lisa,1
'timprayin,1
'plant,6
'thanking,2
'collapsing,1
'goodbye,1
'della,1
'flushes,2
'ulots,1
'familymy,1
'uncontrolledabnormal,1
'division,2
'proliferation,2
'hyperpituitarism,1
'hypercalcemia,1
'copper,1
'unwanted,1
'sideeffects,1
'somatostatin,1
'greatly,1
'suppress,1
'formation,1
'tumer,1
'trooper,13
'moses,2
'cancerinsomnia,1
'infection,19
'trough,1
'electropathy,1
'ports,4
'sepsis,1
'vein,1
'sets,1
'dio,2
'aiuta,1
'tanta,2
'salute,2
'riprenderti,1
'tesoro,2
'con,7
'mio,2
'jelly,1
'coz,1
'sex,9
'hmf,1
'philippines,3
'heals,4
'io,1
'rifiutato,1
'chemio,1
'français,1
'svp,1
'kyuki,1
'ko,3
'mere,2
'papa,1
'ki,1
'bhi,1
'honi,1
h,2
'bhan,1
'valtrex,1
'prevented,2
'canker,4
'abencoe,1
'filha,1
'estou,1
'torcendo,1
'por,5
'vc,1
'sempre,1
'edson,1
'alberta,1
'живи,1
'ampunget,1
'wel,1
'kamu,1
'popsicles,3
'flushed,6
'lays,1
'closes,1
'wheel,1
'collective,1
'existence,1
'mild,1
'push,4
'sudden,2
'annual,2
'exam,1
'hormone,7
'gp,3
'mejor,4
'las,2
'vibras,1
'para,15
'ustedes,1
'linda,1
'ves,1
'saludos,2
'méxico,2
'finished,16
'cycle,4
'thursday,4
'fingers,3
'suite,1
'polite,2
'cuida,1
'todos,2
'los,4
'enfermos,1
'cáncer,3
'dales,1
'mucha,3
'fortaleza,1
'vida,2
'steady,1
'remissionsuch,1
'hola,5
'suscribi,1
'tú,1
'canal,1
'lamentable,1
'haya,1
'traduccion,2
'al,3
'español,3
'porq,1
'puede,1
'hacer,1
'cambio,1
'celular,1
'quizas,1
'muchas,3
'personas,2
'quieren,1
'unir,1
'lo,6
'hacen,1
'ese,1
'motivo,1
'benciones,1
'uds,1
'desde,3
'viña,1
'del,3
'mar,1
'chile,2
'детка,1
'здоровья,1
'тебе,1
'нас,1
'постигло,1
'тоже,1
'несчастье,1
'coraggioforzache,1
'benedica,1
'cheer,1
'city,3
'chatwins,1
'deliha,1
'ure,3
'xxx,22
'tel,1
'kidsxxx,1
'motivater,1
'anothers,1
'palm,3
'preventative,1
'saúde,1
'melhoras,1
'geçmiş,1
'olsun,1
'bir,1
'önce,1
'iyileşmenizi,1
'diliyorum,1
'igual,1
'tengo,1
'liposarcoma,1
'interno,1
'linfoma,1
'hodkin,1
'bog,1
'pomogne,1
'ozdravis,1
'voli,1
'serbia,1
'mustve,1
'dramatic,2
'becomes,2
'anyhow,1
'labs,3
'pediatrics,1
'crossed,2
'angels,4
'pobrecita,1
'joven,2
k,6
'pasando,2
'ojalá,2
'recuperes,4
'purtroppo,1
'linglese,1
'cerco,1
'capire,2
è,2
'soffrire,1
'questa,1
'giovanequalcuno,1
'può,1
'dirmi,1
'italiano,1
'continua,1
'salut,1
'dengan,1
'orang,2
'luar,1
'inikalau,1
'negara,1
'kami,1
'indonesia,3
'penyakit,1
'seperti,1
'sebuah,1
'aibdi,1
'sembunyikan,1
'dan,1
'bahkan,1
'pas,1
'sudah,1
'meninggal,1
'baru,1
'lain,1
'tau,1
'gia,1
'poland,4
'perdoname,1
'heeled,1
'gracefully,1
'guarisci,1
'bellissima,2
'surgerys,1
'antibiotics,1
'ppls,1
'tiring,1
'ready,6
'trail,2
'control,6
'surronded,1
'youngi,1
'llbe,1
'winneriam,1
'warriori,1
'fala,1
'vivo,1
'filho,1
'mam,1
'shame,6
'points,4
'nearing,1
'continuing,7
'twin,7
'clue,2
'forza,4
'úžasné,1
'jste,1
'silná,1
'krásná,1
'osoba,1
'vás,1
'manžel,1
'taképreji,1
'vam,1
'hodně,1
'zdraví,1
'vy,1
'dokážete,1
'česká,1
'republika,1
'suit,1
'pushed,2
'peripheral,1
'placed,3
'margarita,1
'tastes,4
'smells,3
'metal,2
'amplifies,1
'smelltaste,1
'unpleasant,2
'bravery,4
'proverb,1
'bocca,1
'lupo,1
'shape,1
'admiration,1
'bindged,1
'newest,1
'sensitive,1
'subject,3
'subscriber,4
'upcoming,1
'transparency,1
'weather,1
'fierce,4
'gentle,2
'sisterinlaw,2
'yay,3
'willcause,1
'humble,2
'winner,6
'step,9
'remembered,1
'express,5
'heartbroken,2
'reiki,2
'relive,2
'eagerly,1
'cries,3
'laughs,1
'celia,2
'commit,1
'act,5
'behalf,1
'puerto,1
'rico,1
'sooonn,1
'httpsyoutubeaboxwlvjy,1
'recitation,1
'switch,2
'nicer,1
'wag,1
'asleep,2
'foot,9
'tickles,2
'cycles,2
'animo,1
'hermosa,1
'contigo,1
'soooo,7
'legendas,2
'em,8
'português,1
'favor,4
'obrigada,1
'cancersucks,1
'yougotthis,2
'breasts,4
'boobs,1
'makeup,2
'carefully,2
'guerrierasei,1
'meravigliosae,1
'witnessing,1
'doctoe,1
'awww,1
'wil,2
'aswellshe,1
z,2
'perfectly,2
'insha,1
'saludo,1
'york,2
'senor,1
'bueno,1
'vas,2
'salir,2
'eso,2
'celebrated,1
'heartbreaking,7
'ac,7
'midst,2
'hardly,2
'tree,9
'soulmates,1
'vulnerable,5
'beeping,1
'beep,1
'fruitarian,1
'po,1
'encouragement,3
'turns,2
'greece,5
'babys,1
'liar,1
'dicono,1
'siamo,1
'querrieri,1
'sarai,1
'miracolato,1
'gesù,1
'resuscita,1
'mein,1
'herz,1
'bricht,1
'yehovah,1
'messiah,1
'yeshua,1
'protector,2
'struggles,6
'strife,1
'fuerte,2
'jehova,1
'cuide,1
'siempre,3
'sorrygood,1
'hungary,1
'abénçoe,1
'coloured,1
'symbol,1
'az,3
'traveling,1
'utah,6
'michigan,2
'hunny,1
'routing,1
'tanzania,1
'wrap,2
'chose,5
'korea,6
'xoxo,13
'darling,3
'tuesdayyou,1
'pronounce,1
'sugaryour,1
'loosecancer,1
'dream,4
'aisle,1
'ánimo,2
'adelante,2
'como,5
'sigues,1
'ingles,1
'pudieran,1
'doblar,1
'otras,1
'partes,1
'mundo,2
'vemos,1
'estamos,1
'interconectados,1
'podríamos,1
'ayudar,1
'enviando,1
'buena,2
'vibra,1
'salud,3
'entiendo,2
'problema,2
'deseo,2
'pronto,3
'tengas,1
'bendiciones,3
'infinitas,1
'luz,1
'bendiga,2
'preguntarnos,1
'qué,2
'saldrás,1
'fuerza,3
'conecta,1
'madre,1
'tierra,1
'dará,1
'arcángel,1
'rafael,1
'sanidad,2
'abrazos,1
'seemed,2
'rockstar,7
'chemoradiation,1
'hormonal,1
'anastrozoleamidrexplus,1
'zoladex,1
'ovaries,2
'produce,1
'skinnynever,1
'itstay,1
'wenn,1
'beleive,3
'excually,1
'neaver,1
'happniess,1
'holiday,2
'pampered,1
'aging,5
'regardless,5
'accelerated,2
'dna,8
'methylation,4
'telomere,4
'damage,6
'lobster,2
'telomeres,2
'damaged,2
'elephant,2
'produces,2
'milligrams,2
'grams,7
'plenty,3
p,9
'genes,2
'occur,3
'vaccines,4
'vaccination,2
'intake,2
'cholesterol,2
'muscles,2
'sedentary,2
'deficiency,2
'lack,4
'melatonin,2
'parental,2
'genetic,4
'activity,3
'gene,5
'metals,2
'pesticides,2
'dust,2
'pollutants,2
'substance,3
'prevents,2
'metallization,2
'tofu,2
'isoflavin,2
'resveratrol,5
'folic,2
'curcumin,4
'omega,5
'lipozomal,2
'quercetin,2
'egcg,6
'improve,2
'lowdose,2
'naltrexone,2
'alphapoinic,2
'albendazole,6
'penbendazole,3
'olive,7
'ml,7
'cimetidine,5
'artovastatin,3
'quercetinmg,2
'meformin,2
'meriva,4
'curcuminmg,2
'liposomal,4
'doxycycline,2
'azithromycin,2
'albendazolemebendazolepenbendazole,1
'dinner,2
'naltrexon,5
'enhance,1
'yiur,1
'immunity,1
'nk,1
'killer,4
'ends,4
'monthbut,2
'theraphy,4
'radioactive,2
'pbz,2
'mbz,2
'zinc,2
'fordays,2
'querceting,2
'vitaminc,2
'straightly,4
'experiments,5
'duplication,1
'slowlybut,1
'tagrisso,2
'transfered,1
'phytocapinoids,1
'metphormin,2
'oilmg,1
'trans,2
'benzimidazole,1
'oilthere,1
'ping,2
'pong,2
'weeksand,1
'phytocanapinoids,1
'plays,2
'girllove,2
'uncomfortable,3
'heavenly,11
'land,1
'peaches,1
'complexion,1
'xoxoxo,2
'περαστικα,1
'τι,1
'επαθε,1
η,2
'ομορφη,1
'κοπελαευχομαι,1
'να,1
'πανε,1
'ολα,1
'καλα,1
'παναγια,1
'μαζι,1
'σου,1
'κουκλα,1
'μου,1
'mellitus,1
'ncube,1
'inbox,3
'drncubegmailcom,1
'ilove,1
'astound,1
'literal,3
'disorder,2
'exact,6
'احد,1
'يترجم,1
'اي,1
'ايش,1
'فيها,1
'bilateral,1
'blocker,1
'childrens,1
v,3
'editing,1
'gr,1
'jc,1
'swizerland,1
'wowyou,1
'nagaland,1
'abundant,3
'behold,3
'cika,1
'healty,1
'mis,1
'mejores,1
'deseos,1
'salgas,1
'esto,2
'herer,1
'perjeta,1
'draining,1
'boys,4
'grade,5
'hop,1
'juce,1
'conquered,1
'ea,1
'delias,2
'improving,1
'champion,5
'patience,2
'ps,7
'europa,1
'fails,1
'sailed,1
'sips,1
'shake,1
'xoxoxoxox,1
'automatically,1
'unbearable,1
'nut,2
'unexpected,1
'lifting,2
'teamhealing,1
'chapter,3
'cheers,2
'sweden,3
'document,1
'educate,4
'faiths,1
'grit,1
'joys,1
'solider,1
'awesome,14
'scarier,1
'hook,2
'negativity,2
'survivors,4
'immuno,2
'teaches,2
'alles,3
'weltdu,1
'hast,1
'schutzengel,1
'craziest,1
'tool,3
'agaist,1
'poission,1
'iib,1
'phase,3
'hint,1
'mouthwash,6
'gift,7
'educating,2
'navigate,1
'freind,1
'ahoj,1
'držím,1
'palce,1
'české,1
'republiky,1
'champ,4
'vegetarian,2
'seafood,2
'defeats,1
'fights,1
'sakura,1
'goal,3
'examination,1
'carbohydrates,2
'delicious,1
'mix,2
'suitable,2
'categories,2
'vegetarians,3
'dieters,1
'caution,2
'balanced,1
'balancing,1
'hemoglobin,1
'osteoporosis,1
'legumes,1
'nuts,2
'httpsyoutubezbbuelhtu,1
'dairy,3
'anemia,2
'httpsyoutubewcaeddzpoq,1
'amarnath,1
'saves,1
'vegans,1
'conveyed,1
'httpsyoutubehqtiqytre,1
'outwork,1
'original,2
'gospel,7
'songs,4
'rap,2
'doong,1
'goodgod,1
'cookie,1
'beings,1
'stick,4
'managing,1
'beautifully,2
'mark,4
'speakyou,1
'record,1
'depression,8
'adhd,1
'fragile,2
'syndrome,1
'trillions,1
'preventing,2
'prime,1
'ministers,1
'edmonton,1
'classified,2
'camp,1
'horses,2
'farm,1
'ga,2
'evaluate,1
'score,3
'lifted,3
'towards,2
'spirits,7
'deliai,2
'shortened,2
'des,1
'sisternor,1
'agenor,1
'guinea,1
'pig,1
'generations,2
'desagain,1
'thisi,2
'uniquei,1
'yesbeautiful,1
'sweetheartand,1
'okwith,1
'ego,1
'doingi,1
'couplei,1
'welland,1
'adopted,1
'china,1
'miscarrigesand,1
'talkmessagewhatever,1
'careand,1
'siteyour,1
'whatever,6
'happensi,1
'honeyyou,1
'kathleen,1
'oxox,1
'documentaries,1
'plandemic,1
'illegal,2
'sew,1
'duct,5
'commands,1
'alternatives,1
'jeasus,1
'lips,2
'smileiii,1
'knoes,1
'darik,1
'cara,5
'paul,4
'susan,1
'luv,4
'sweety,3
'indescribably,1
'resilent,1
'tenacious,1
'ty,2
'laik,1
'georgia,2
'tbilisi,1
'meand,1
'gal,2
'لاحول,1
'ولا,1
'قوة,1
'إلا,1
'بالله,1
'العلي,1
'العظيم,1
'ربي,1
'يشافيك,1
'ويعافيك,1
'ويجعلك,1
'من,1
'اهل,1
'جنه,1
'mindful,1
'losses,1
'harws,1
'racism,1
'ovary,1
'surgical,1
'menopause,1
'chemotheraphy,1
'philippine,1
'lossesi,1
'weekend,2
'ciao,5
'italiana,1
'devi,1
'essere,1
'forte,4
'anche,1
'conosco,1
'tvb,1
'rough,3
'reduced,3
'newborn,1
'lifeyou,2
'horrid,2
'tumour,1
'diagnoses,3
'suffocated,1
'prinzessin,1
'catholic,1
'divine,2
'subsctibing,1
'happiest,1
'ang,1
'sience,1
'surebecause,1
'persons,2
'neice,1
'ending,2
'dental,2
'hygienist,1
'peroxyl,1
'colgate,1
'soars,2
'quotes,1
'everywhere,3
'boston,2
'greecei,1
'tight,2
'impressed,5
'eyebrows,1
'recuperating,1
'trinidad,1
'basis,2
'gracious,3
'accepting,1
'umy,1
'mnths,1
'rapraying,1
'uu,1
'scroll,1
'neither,2
'environmentally,1
'lawn,2
'materials,1
'weed,3
'pipes,1
'ponder,1
'possibilities,1
'set,5
'walking,6
'rule,1
'mutating,1
'troopers,1
'gateway,1
'recognize,1
'environment,1
'faithfully,1
'authority,1
'commanding,1
'misdiagnosed,2
'surgeries,5
'extend,1
'metastisized,1
'blown,2
'theyve,2
'hurdle,1
'handsome,3
'covidnext,1
'diagnosisi,1
'cryed,1
'hugged,1
'switzerland,1
'steps,2
'strongy,1
'albanian,1
'evil,4
'phuemon,1
'resus,1
'flowers,1
'walked,4
'flatten,1
'butterflies,2
'wasting,1
'freddie,2
'backwards,1
'driver,1
'jumped,2
'lights,1
'intensive,1
'coma,2
'pulled,1
'grandchild,1
'heald,1
'panic,3
'nebuliser,1
'prays,3
'xxxxx,1
'cimetidinefor,1
'abz,1
'artovaszatin,1
'vasculitis,1
'smoldering,1
'neurologist,1
'girlie,1
'hubby,7
'rick,7
'simpson,5
'warming,1
'alon,1
'bulk,1
'lovebug,1
'rooms,2
'tidings,1
'postive,2
'scotland,1
'leomoyascoma,1
'doxyrubacyn,1
'deals,1
'xxxxxx,2
'pair,1
'troupers,1
'envision,1
'generosity,1
'drained,2
'chew,4
'flavor,3
'und,1
'hoffe,1
'hilft,1
'dir,3
'lg,1
'aus,1
'düsseldorf,1
'doxorubicin,6
'wonderfuli,1
'explodes,1
'strangers,3
'winning,1
'fibroids,2
'dromocure,1
'dromogmail,1
'omo,2
'gallstones,1
'endometriosis,1
'cysts,1
'pcos,1
'sperm,1
'erection,1
'blocked,1
'bleeding,1
'wariors,1
'ribbon,6
'tied,3
'sincerest,1
'od,1
'masy,2
'strony,1
'auster,1
'także,1
'chemoterapii,1
'ners,1
'iż,1
'fil,1
'giv,1
'hag,1
'ewrything,1
'okey,1
'beliw,1
'knit,1
'womb,1
'knitting,1
'present,1
'season,3
'vine,1
'loud,2
'scriptures,4
'index,1
'cards,1
'jesuss,1
'kari,2
'jobe,1
'sweatshirts,1
'tops,2
'zippers,2
'front,3
'preas,1
'chooses,1
'transcendental,1
'meditation,2
'waymy,2
'aug,4
'agoi,1
'toll,2
'someonebest,1
'speechless,3
'gav,1
'idarubicin,1
'autologous,1
'indiana,1
'whether,7
'covers,2
'cyclophosphamide,3
'road,6
'faced,3
'costa,1
'tackling,2
'empowering,1
'hubbie,1
'hasmany,1
'freshman,1
'uvu,1
'uvsc,1
'tamoxifen,1
'shoes,1
'tribute,1
'metallic,3
'aloha,1
'hawaii,2
'lyssa,1
'handling,4
'herehow,1
'porfa,1
'ponga,1
'traduccir,1
'espero,2
'pq,1
'eres,2
'guerrera,1
'gran,1
'esposo,1
'ambos,2
'thrudoing,1
'ghost,5
'dinogsed,1
'natureral,1
'turmeric,3
'burdock,3
'dry,8
'boil,1
'powder,4
'grocery,1
'store,2
'amazon,1
'cynthia,1
'coast,1
'oregon,1
'suffereddied,1
'davesandersstepdaughter,1
'ages,1
'soldier,1
'role,5
'model,2
'wowwhat,1
'scenes,1
'canceryou,1
'warriorthank,1
'centers,1
'queasy,1
'halfway,5
'futurewe,1
'stumbled,4
'chatwin,5
'pharmacist,1
'primarily,1
'verifies,1
'mixes,1
'interact,1
'bag,3
'magic,3
'compounded,2
'awe,9
'books,4
'tradition,1
'spearment,1
'sniff,3
'oils,1
'rubbed,1
'wrists,1
'onocology,1
'wash,3
'dm,1
'mention,5
'wondering,7
'filmed,2
'drsnurses,1
'queensland,1
'kickcancersbutt,1
'staystrongandfight,1
'psrticular,1
'naseous,1
'excuse,2
'bs,2
'prior,4
'believing,3
'endurance,1
'chingona,1
'sept,1
'watering,1
'dramatically,1
'downhill,1
'stumble,1
'regrets,2
'reasonably,1
'anticipated,1
'carcinogenic,1
'damaging,2
'tshirt,4
'httpsyoutuberratdfbg,1
'heres,4
'utube,2
'soldiers,2
'prevail,1
'california,3
'eek,1
'angiosarcoma,2
'devastating,3
'warriors,4
'shinning,1
'tugs,1
'graceful,1
'heinous,1
'commend,1
'trader,1
'joes,1
'coconutaloe,1
'gingin,1
'ginger,3
'candies,2
'saviors,1
'epsom,1
'salt,1
'baths,1
'soothed,1
'achy,1
'neupogenneulasta,1
'whit,1
'imaging,1
'reminding,1
'israel,3
'frustrated,2
'ewings,2
'myleoid,1
'emergency,2
'visitor,2
'pushing,3
'roof,1
'swears,1
'trick,2
'shines,3
'valley,1
'gids,1
'restoration,2
'def,4
'rush,1
'theyre,3
'knock,1
'fatherinlaw,1
'ppe,1
'hazardous,1
'reproductive,1
'fetal,1
'defects,1
'wünsche,1
'halte,1
'fest,1
'daumen,1
'lghilla,1
'regime,1
'awaiting,1
'sharingit,1
'othersprayers,1
'systemic,1
'lupus,1
'sincere,2
'toughest,2
'dark,2
'reasona,1
'lessona,1
'methroughout,1
'seasons,1
'answered,1
'setback,1
'princess,3
'tiara,1
'tilt,1
'kudos,3
'strive,1
'trickle,1
'statement,2
'oceans,1
'stand,6
'particularly,1
'path,2
'quit,4
'booked,2
'hr,1
'abvd,1
'star,6
'deeply,2
'deliamay,1
'nameamen,1
'walts,1
'dylandeliachatwin,1
'lalaland,1
'fancienanc,1
'nanc,1
'humbled,1
'composure,1
'dalia,5
'biotene,3
'mire,1
'mamo,1
'sysgod,1
'strongs,1
'cannnot,1
'neupogen,1
'meantime,2
'optimistic,1
'guatemala,1
'auguro,1
'veloce,1
'guarigione,1
'shorter,1
'north,3
'dakota,1
'throughi,1
'marks,1
'deliayou,1
'dylanwhat,1
'unconditionally,1
'therei,2
'recoveryand,1
'wellbieng,1
'fortnightly,1
'autoimmune,1
'dylans,1
'wipeout,1
'backward,1
'onto,1
'silliness,1
'uniquely,1
'qualified,1
'missouri,2
'rolling,1
'coined,1
'thriving,1
'needle,3
'freak,3
'tinkled,1
'benedryl,1
'seated,1
'amusement,1
'entertainment,1
'clients,1
'preferred,1
'chats,1
'tips,2
'exceptionally,1
'thirteen,1
'yellowbrown,1
'diddybopping,1
'todays,2
'lasting,1
'sailing,1
'tasted,1
'tissues,1
'catheter,3
'inch,1
'intimate,1
'súper,1
'outlook,2
'surround,2
'liner,1
'bio,2
'worrier,1
'kingdom,3
'grumpy,1
'grinch,1
'crumble,2
'bull,2
'horns,1
'slaying,1
'ringing,2
'tenn,1
'showering,1
'protective,1
'spectacular,1
'traumatic,1
'immensely,1
'move,3
'freedom,1
'teaching,2
'abs,1
'minds,2
'text,2
'written,4
'verbatim,1
'mil,1
'accomplishment,1
'aboutso,1
'drains,1
'hanging,2
'proceeded,1
'towel,1
'ankles,1
'reflection,1
'tooso,1
'deila,3
'shirt,2
'hilarious,1
'calmness,1
'youyou,2
'thissweetie,1
'toda,1
'este,1
'proceso,1
'recuperación,1
'acompañará,1
'sanacion,1
'ten,2
'fe,1
'mujer,1
'todo,2
'quedará,1
'mal,1
'recuerdo,1
'chips,1
'contagious,1
'bess,1
'casually,1
'france,4
'headyou,1
'blond,1
'amaizing,2
'foto,1
'educated,1
'opening,3
'wall,4
'sporting,3
'spain,1
'havenly,1
'momenttoday,1
'bemy,1
'deepest,1
'fo,1
'babe,3
'nairobi,1
'ke,3
'along,5
'pensilvania,1
'amin,1
'powers,1
'saver,2
'constant,5
'pedicure,1
'surrounding,1
'xox,4
'capisco,1
'inglese,2
'molto,1
'vicina,1
'co,1
'delhi,1
'yael,1
'delicacy,1
'peaceful,2
'ideal,2
'anywhere,4
'dedication,2
'italian,1
'lion,3
'pregherò,1
'scusa,1
'steel,1
'restored,2
'string,1
'backbonehubby,1
'visitors,1
'rang,1
'ball,2
'cancerwarrior,1
'valiant,1
'filled,2
'lifw,1
'surely,4
'infinite,1
'enjoyed,4
'wrapping,1
'coloquem,1
'sou,1
'brasil,1
'amo,1
'ver,1
'os,2
'vídeos,1
'vocês,2
'angry,1
'ughbecause,1
'grueling,1
'alll,1
'heling,1
'manicure,1
'fingernails,2
'breakage,1
'benadryl,1
'armor,1
'england,5
'imagining,1
'reaching,1
'pond,1
'scooping,1
'magnesium,1
'venzas,1
'batalla,1
'restore,3
'travels,1
'darkest,1
'dude,23
'wifes,4
'girlwe,1
'prayinglots,1
'curious,4
'plans,4
'tpn,2
'built,3
'edited,1
'thinner,1
'thinners,1
'forest,1
'gummy,1
'bears,1
'regimen,1
'heads,3
'wellmost,1
'lovingly,1
'ruby,1
'dall,2
'italia,2
'prego,1
'guerriera,1
'ce,1
'farai,1
'vi,1
'ragazzi,1
'saluto,1
'supporters,1
'sucky,1
'comprehend,1
'sweetstrong,1
'grant,1
'bch,1
'romania,1
'greetings,2
'greeceu,1
'beautifuland,1
'personkeep,1
'goingu,1
'poster,1
'graduated,2
'organs,5
'sonogram,1
'remove,9
'endure,2
'blowing,2
'sory,1
'peppermint,3
'annd,1
'sol,1
'awwwwww,1
'reached,3
'counting,1
'dec,1
'apr,1
'iii,1
'ductile,1
'adriamycincytoxan,1
'nerves,2
'recovering,1
'manageable,2
'utter,1
'fuzzy,1
'restlessness,1
'constipation,1
'brittle,1
'flip,1
'pistachio,1
'buttons,1
'snaps,1
'xeloda,1
'tolerate,1
'weaken,1
'flap,1
'hump,1
'nj,3
'quiet,1
'gramps,1
'leukaemia,2
'tenderness,1
'isolation,1
'panama,2
'bali,2
'jewelry,1
'pediatric,1
'standthrow,1
'product,6
'kiddos,1
'healios,1
'swallow,1
'yrsago,1
'renamed,1
'enter,4
'bodyshe,1
'washit,1
'throati,1
'youin,1
'stripes,2
'bucket,1
'wifey,1
'amazinginspirational,1
'bravest,1
'pods,2
'amazona,1
'ray,1
'sunshine,1
'lasts,1
'specifically,1
'driven,1
'warriorsister,1
'elementary,2
'deliagodbless,1
'scotch,1
'vous,3
'êtes,2
'une,1
'belle,1
'personne,1
'chemoeither,1
'houston,3
'sil,1
'kicked,1
'curb,1
'starts,4
'rays,1
'lightest,1
'tickle,1
'chemoas,1
'rhyme,1
'incorrectgood,1
'alsokeep,1
'unbelievable,3
'ticklish,1
'bothyou,1
'womanpraying,1
'celebrate,3
'tickled,2
'situations,2
'adores,1
'bunches,1
'mins,1
'claritin,3
'avoids,1
'constipate,1
'gastric,1
'craves,1
'oranges,1
'aggravate,1
'sherbet,1
'pushups,1
'fell,4
'ground,1
'ha,2
'island,1
'indonesiadelia,1
'convince,2
'ithod,1
'gold,2
'gilbert,1
'ta,2
'acquaintances,1
'lean,2
'smooth,1
'girly,1
'woods,1
'arches,1
'canyonlands,1
'hiking,1
'creation,1
'blast,1
'olympic,1
'advancement,1
'lifejesus,1
'youbelieve,1
'forsake,1
'verygood,1
'soonstay,1
'wrenching,1
'absurd,2
'detrimental,1
'mental,3
'americans,3
'thousands,6
'fiercely,1
'braca,1
'mutation,1
'mentioned,2
'tumorwere,1
'duaa,1
'اشفها,1
'شفاء,1
'لا,1
'يغادر,1
'سقما,1
'وارزقها,1
'رحمان,1
'رحيم,1
'dylia,1
'protect,3
'expiration,1
'healthytake,1
'mr,10
'mrs,1
'heroes,1
'capes,1
'youmy,1
'sides,4
'xo,2
'strongsad,1
'joie,1
'vie,2
'lift,2
'bawling,1
'berkitts,1
'gravies,1
'gown,1
'glove,1
'compounding,2
'hood,3
'pieces,2
'fumes,1
'knowlove,1
'exciting,1
'willed,1
'dang,2
'radiate,2
'tons,3
'richest,1
'sweetieyour,1
'dealings,1
'resilient,2
'hats,1
'hahaha,3
'tickling,1
'herd,1
'inner,2
'outer,1
'equally,2
'breathtaking,1
'otherlove,1
'notverbatim,1
'twos,1
'threes,1
'gathered,1
'solerestoration,1
'lifeand,1
'abundantly,1
'lifeyour,2
'angelsthat,1
'achieve,3
'wellin,1
'mint,2
'companion,1
'pro,2
'cll,1
'nuisance,3
'wah,1
'truely,2
'yoytube,1
'protected,3
'smarter,1
'happier,2
'wiser,1
'crashed,1
'neighbours,2
'neighbour,1
'phoned,1
'dialled,1
'phoning,1
'flag,1
'police,1
'competent,1
'revive,1
'empathetic,2
'arizona,3
'glendale,1
'inviting,1
'unfathomable,1
'dreaded,1
'realistic,1
'swearing,1
'serve,1
'youngish,1
'fearfully,1
'wonderfully,1
'assuming,2
'zofran,1
'compazine,1
'anti,2
'veterinary,1
'sleepy,1
'dope,4
'understanding,4
'reduce,3
'yucky,2
'shephred,1
'stong,1
'appearance,1
'favorite,3
'verse,1
'proverbs,1
'deliakeep,1
'havegod,1
'donna,2
'liverpool,1
'virtual,1
'combat,1
'headache,1
'calling,4
'packages,1
'accessedit,1
'kentucky,3
'lesley,1
'dog,3
'jake,3
'ease,2
'methadone,1
'blow,4
'appreciative,1
'detail,2
'isee,1
'approach,6
'universal,3
'sterile,1
'faithfull,1
'changing,3
'sever,1
'stands,3
'church,6
'scoan,2
'thessalonic,1
'wise,2
'annointed,1
'dnt,2
'thessalonica,1
'subtitles,1
'netherlands,2
'holland,1
'admiro,1
'felicito,1
'esfuerzo,1
'mismos,1
'médicos,1
'les,2
'llamo,1
'atención,1
'onda,1
'positivismo,1
'sos,1
'ídola,1
'referente,1
'están,1
'mismo,2
'deseándoles,1
'emociono,1
'sus,1
'quiero,1
'cuídense,1
'translate,1
'argentina,1
'bravely,1
'délia,1
'nous,1
'sommes,1
'avec,1
'par,1
'pensée,1
'et,5
'finely,1
'rebirth,1
'sweeter,1
'impression,2
'ms,3
'maintain,2
'uphill,1
'cali,2
'ladys,1
'knowand,1
'agoeven,1
'dylanhis,1
'carexoxo,1
'claim,1
'mountain,2
'climb,1
'cc,1
'valleys,1
'placing,1
'nc,1
'horrific,1
'goliath,1
'knocking,1
'killing,2
'wayhis,1
'mostly,6
'vitally,1
'swab,1
'marvelous,1
'moves,1
'mountains,2
'kindness,2
'fortitude,1
'throu,1
'deliaknow,1
'itgod,1
'margaret,1
'giant,1
'setting,1
'muchneeded,1
'teal,2
'usingflushing,1
'chewer,1
'cancerfree,2
'logo,2
'abreast,1
'presently,1
'immeasurably,1
'soy,1
'islas,1
'canarias,1
'encuentres,1
'abrazo,1
'dylanthank,1
'journeygod,1
'fungi,1
'netflix,1
'rehman,1
'muslims,1
'discouragement,1
'loads,2
'mushrooms,1
'viewers,2
'iff,1
'radar,1
'omgezz,1
'cancerhave,1
'youmay,1
'darlingxxxx,1
'serene,2
'delila,1
'sea,1
'updated,2
'carries,1
'angela,1
'leg,3
'timesthey,1
'repairing,1
'adryomyacin,1
'nephew,1
'sucker,1
'manifesting,1
'title,2
'expander,1
'cake,1
'wcancersuch,1
'lordgod,1
'xxxprayers,1
'phenomenal,1
'montreal,1
'misjudged,1
'compassion,2
'worthwhile,1
'poise,1
'campeona,1
'trails,1
'warmest,1
'eastern,1
'ticketthats,1
'nightlol,1
'leftbut,1
'lymphnode,1
'testicular,2
'freaking,2
'alternating,1
'mucositis,1
'heartbeat,1
'abençoe,1
'dê,1
'forças,1
'lutar,1
é,2
'possível,1
'tem,1
'ter,1
'fé,1
'devotion,1
'runs,3
'insides,1
'exterior,1
'dehlia,1
'models,3
'huntsman,1
'vegas,1
'ucla,1
'lovestrength,1
'tina,1
'london,1
'superwoman,2
'east,1
'knowi,1
'humbleness,1
'crossing,1
'monster,1
'ironic,1
'sore,2
'finger,4
'emery,1
'fit,1
'nuelasta,1
'gel,1
'tearsi,1
'bestrong,1
'ull,1
'youthis,1
'chemopraying,1
'youpraying,1
'staminapraying,1
'intervention,2
'remembering,1
'kelli,1
'dallas,1
'fright,1
'carrier,1
'jello,4
'soothing,1
'thick,1
'toshe,1
'ae,1
'ointment,1
'restroom,2
'anny,1
'będzie,1
'dobrze,1
'trzymaj,1
'dasz,1
'radę,1
'carolina,1
'amanda,2
'prognosis,1
'clicked,2
'sucking,1
'pennies,1
'mints,1
'tremendously,1
'ireland,1
'pulling,2
'village,1
'relieved,2
'lords,1
'hidden,2
'beneath,1
'shadow,1
'nonverbal,1
'amputated,2
'chlorhexidine,1
'accessing,1
'urine,1
'notification,1
'gut,3
'awhileyour,1
'pics,1
'ther,1
'understandable,1
'packaging,1
'paxman,1
'tripple,1
'prayershugs,1
'mechanism,1
'andreas,1
'moritz,1
'potassium,1
'sledge,1
'hammers,1
'edge,1
'cinnamon,1
'deliastrong,1
'appoled,1
'partnerxos,1
'protecting,1
'bosnia,1
'zealand,1
'colorado,1
'bundled,1
'winter,1
'lay,5
'reset,1
'fyi,1
'background,3
'coward,1
'appropriate,3
'picnic,1
'chews,1
'cheering,1
'honour,1
'angelic,2
'helpings,1
'deliah,1
'flips,1
'goodnss,1
'loll,1
'manipedi,1
'socks,1
'instill,1
'casa,1
'located,1
'daddy,5
'wbc,1
'inpatient,1
'sons,2
'vaccine,3
'field,2
'typed,1
'delete,1
'screening,10
'blisters,1
'worldreally,1
'hart,1
'ah,1
'bathrooms,2
'youfight,1
'deliia,1
'denmark,1
'inshallah,1
'stich,2
'rich,6
'tapestry,1
'fades,1
'evry,1
'matt,8
'lauer,4
'psa,69
'samples,4
'entering,1
'tulsa,1
'settled,1
'gleason,7
'ridiculous,2
'rising,4
'practician,1
'nineties,1
'retested,2
'metastasised,2
'tx,1
'logic,1
'conclusion,1
'truthful,3
'levels,4
'erections,1
'afterthe,1
'etcnot,1
'celebrity,4
'radiatiinthey,1
'surgerythat,1
'famous,6
'liked,5
'assessing,1
'vs,2
'oyalo,1
'fecal,1
'stoolectomy,1
'recurrences,1
'slightly,2
'biopies,1
'considering,1
'cyber,2
'knife,2
'downtime,1
'olderyounger,1
'dennis,1
'poop,1
'streets,3
'ucsf,2
'francisco,2
'parnassus,1
'consequences,1
'slaves,1
'stars,7
'burt,1
'convey,1
'allan,1
'lunden,1
'farrah,1
'faccette,1
'sec,1
'stages,1
'tgey,1
'calif,1
'asspestice,1
'paint,1
'gasoline,1
'delays,1
'basic,1
'interviewer,2
'questioning,1
'tone,1
'erectile,9
'dysfunction,8
'decide,3
'trt,4
'panels,1
'include,2
'bloodwork,2
'supposedly,2
'urologist,12
'biopsyi,1
'aback,1
'biopsyalthough,1
'firstbiopsy,1
'sorryim,1
'healthfitnesslife,1
'conversations,1
'core,2
'knocked,1
'monitor,2
'closely,1
'town,3
'robotic,6
'miles,1
'boat,1
'yea,1
'zero,4
'protocol,7
'pocket,1
'prostat,1
'connection,2
'interviewers,1
'periodic,1
'prostatespecific,2
'antigen,2
'psabased,1
'deciding,2
'screened,1
'discuss,4
'potential,5
'harms,4
'clinician,1
'incorporate,1
'values,3
'preferences,1
'offers,1
'reducing,2
'falsepositive,1
'require,1
'overdiagnosis,1
'overtreatment,1
'complications,1
'incontinence,4
'determining,2
'clinicians,2
'raceethnicity,1
'comorbid,1
'conditions,1
'treatmentspecific,1
'outcomes,2
'preference,1
'bens,3
'myth,1
'differentiated,1
'century,2
'invasion,1
'snatchers,1
'scholz,2
'assume,2
'replaced,1
'multiparametric,1
'safer,2
'surgeons,1
'prostatectomy,5
'surveillance,2
'climbing,2
'doppler,1
'ultrassound,1
'climbed,1
'tablespoons,1
'grround,1
'flaxseed,1
'meal,1
'discussion,2
'est,2
'importante,1
'lamour,1
'audelá,1
'du,1
'sexcest,1
'toutes,1
'belles,1
'choses,1
'quand,1
'partagent,1
'ensemble,1
'famille,1
'encontanise,1
'surgey,1
'tri,1
'web,1
'sites,2
'methods,3
'psma,1
'pet,1
'claims,2
'successful,2
'confusing,1
'stiller,9
'prostatitis,4
'precursor,1
'abnormal,2
'bph,1
'accessories,1
'namely,1
'uterus,1
'edos,3
'channelyour,1
'technique,1
'overwhelming,1
'cancerfellow,1
'malignant,1
'lessen,1
'sexual,6
'tomatoes,4
'fourth,2
'commonly,1
'vegetable,2
'frequently,1
'canned,1
'emerging,1
'epidemiology,1
'consumption,4
'cardiovascular,2
'summarize,1
'nutrient,1
'phytochemical,1
'bioactive,1
'components,1
'development,1
'studies,4
'investigated,1
'lycopene,1
'nmethylnnitrosourea,1
'dunning,1
'rat,1
'diets,1
'containing,1
'decrease,1
'progression,1
'frequency,1
'epidemiological,1
'connect,1
'intakes,1
'decreased,1
'tomatos,1
'undeniable,1
'importance,1
'aboot,1
'nothin,1
'jada,1
'smith,1
'mehes,1
'andor,1
'frank,3
'guarantee,4
'urinary,2
'osaoji,1
'warts,5
'seats,1
'dirty,3
'paper,3
'vision,2
'junk,1
'seat,3
'germ,2
'technical,1
'janitors,1
'custodians,1
'bathroomespecially,1
'respectful,1
'urinating,1
'testicles,1
'america,3
'kegel,1
'exercises,1
'erect,2
'impresion,1
'kegels,1
'httpswwwyoutubecomwatchvqdyggbzsy,1
'httpswwwyoutubecomwatchvstajeca,1
'initial,1
'esp,1
'eseigbe,2
'effected,1
'window,1
'ban,1
'worthless,1
'detected,3
'eternally,1
'dismiss,2
'freaked,1
'secret,1
'confronted,1
'stillerhe,1
'alarmed,1
'himwonder,1
'urethral,1
'resection,1
'markers,1
'thirty,1
'doom,1
'gloom,1
'provided,1
'tax,1
'ehimare,2
'socalled,1
'psavelocity,1
'laparascopic,1
'essentially,1
'impotent,2
'mines,1
'entities,1
'issuing,1
'evidence,1
'guidelines,2
'minutiae,1
'recommending,1
'prostatic,1
'latino,1
'rated,1
'httpsyoutubeoovgdcqlyy,1
'professionals,1
'expressed,1
'disagreement,1
'contention,1
'statistically,1
'unlikely,1
'grafather,1
'balls,1
'appreciation,2
'operationbecause,1
'orgazm,1
'opinions,2
'expertise,1
'yananoworg,1
'epilepsy,2
'todayyou,3
'decisions,1
'explored,1
'synical,1
'intrahepatic,1
'cholangiocarcinoma,4
'bile,4
'size,2
'peach,1
'worker,1
'collected,1
'reports,1
'purchase,5
'delivered,1
'racist,1
'hagerstown,1
'maryland,1
'transferred,1
'baltimore,1
'developing,1
'jaundice,2
'blocking,1
'yearsold,1
'noticing,1
'httpsyoutubecomshortsdscwbliq,1
'erectodom,3
'secrets,3
'assist,1
'solve,2
'popular,3
'actor,2
'joseph,1
'bove,1
'emaildrharveyphytotherapygmailcom,1
'diseaseinfection,2
'report,5
'rootsherbs,2
'dralede,1
'ilness,2
'amused,2
'anxietyinducing,1
'selfexam,1
'exasperated,1
'fretted,1
'hypochondriac,1
'complaints,1
'excision,1
'realizing,1
'enormously,1
'greatfull,1
'perfectherbalcuregmailcom,1
'ejeculate,1
'punto,1
'wasive,1
'doim,1
'sports,2
'trekking,1
'rafting,1
'airsoft,1
'adventures,1
'cools,1
'occurs,1
'arise,1
'recruitment,1
'practicing,1
'httpstinyurlcomvitalfwcenta,1
'paragliding,1
'pastime,1
'freshen,1
'wet,1
'backpack,1
'prophylaxis,1
'manifestations,1
'torment,1
'deceived,1
'scammed,1
'remendy,2
'emailremendyherbalhomegmailcom,1
'category,1
'therapynow,1
'injections,1
'lupron,1
'ebosetale,4
'challengeswe,1
'perplexed,1
'vainone,1
'browsing,1
'nowmy,1
'gonewhy,1
'diseaseemail,1
'drebosetaleherbalcuregmailcom,1
'grave,1
'stone,2
'grandfather,3
'benim,1
'tablets,1
'event,2
'profile,1
'countless,1
'leftist,1
'media,1
'feminists,1
'exclusively,1
'issuesmen,1
'collagen,2
'gnosis,1
'httpsyoutubewozksiepxi,1
'sits,1
'pelvis,1
'lasted,2
'hed,1
'details,2
'journalistic,1
'style,3
'efficient,1
'allpro,1
'paid,2
'journalist,1
'nbc,1
'hierarchy,1
'carte,1
'blanche,1
'sophiris,2
'inc,1
'nasdaq,1
'sphs,1
'biopharmaceutical,1
'topsalysin,3
'prx,1
'firstinclass,1
'poreforming,1
'urological,1
'topline,1
'interim,1
'administration,2
'ongoing,1
'openlabel,1
'demonstrate,1
'ablate,1
'demonstrating,1
'ablation,1
'detectable,1
'nu,1
'făcut,1
'bine,1
'că,1
'glumit,1
'maxim,1
'să,1
'obțin,1
'respingere,1
'mult,2
'succes,1
'pentru,2
'viață,1
'reassuring,4
'manhood,1
'weighting,1
'fur,1
'agoincontinence,1
'awayit,1
'androgel,1
'systoms,1
'trueful,1
'skeptical,2
'stating,1
'range,3
'perform,2
'speck,1
'discussing,2
'dhea,1
'testosterone,3
'enhancement,1
'urging,1
'robot,1
'guided,2
'elevated,2
'bpshe,1
'fired,2
'obstruction,1
'retain,1
'lbs,7
'kidneys,1
'failing,1
'turp,2
'selfcatheterizing,1
'halfarsed,1
'inability,1
'answers,3
'examined,1
'laparoscopic,1
'theyll,1
'inconveniences,2
'extendsave,2
'fathers,1
'vietnam,1
'cousins,1
'detecting,1
'survivable,1
'runaround,1
'detection,1
'decades,1
'tore,1
'shrieking,1
'paris,2
'toward,1
'siblings,1
'scale,1
'damon,1
'condom,2
'zoolander,1
'hansel,1
'brainwashed,1
'wit,1
'forks,1
'edward,1
'schaeffer,1
'earthly,1
'experiencehad,1
'goodanything,1
'digital,1
'mrino,1
'biopsyyet,1
'menmaybe,1
'survey,2
'thousand,1
'ohhh,1
'prostateu,1
'michael,1
'douglas,1
'nowquit,1
'healthylower,1
'invented,1
'richard,2
'ablin,1
'hoax,3
'produced,1
'rises,1
'falls,1
'establishment,1
'poke,1
'evasive,1
'albins,1
'askyourgp,1
'httpsyoutubegfbxocd,1
'scientific,1
'epidemic,1
'impotence,1
'httpsjamanetworkcomjournalsjamaarticleabstract,1
'proton,2
'zappa,1
'bonerless,1
'httpswwwyoutubecomwatchvshrkywxohk,2
'httpswwwyoutubecomwatchvnanyvqky,1
'dilemma,1
'opting,1
'expectancy,1
'intact,1
'tony,1
'rastelli,1
'citizen,1
'repair,1
'contracted,3
'gofundme,1
'dollar,1
'liam,1
'httpswwwgofundmecoms,1
'indicate,1
'ostrich,1
'duke,1
'insure,1
'treatable,2
'males,1
'yearcaught,1
'inlay,1
'twelve,2
'aca,1
'cbd,6
'benny,1
'worldi,1
'naturopathy,1
'keralathe,1
'mohanan,2
'vaidyarhe,1
'treatmentfirst,1
'affecting,1
'bodycheck,1
'youtubetype,1
'vaidyarnow,1
'firstly,1
'belief,1
'busy,2
'jablin,1
'discoverd,1
'translation,1
'kno,1
'motivates,1
'colonoscapy,1
'colonoscopy,1
'digitally,1
'bena,1
'rm,1
'rot,1
'addict,12
'globe,1
'pharmaceutical,1
'agenda,1
'deserved,3
'aaron,72
'intercourse,1
'simultaneously,1
'rehab,2
'guzanos,1
'worms,1
'casper,1
'therapistsupporter,1
'friendwell,1
'wishers,1
'disguisethank,1
'meyou,1
'professionalism,1
'notch,1
'obaz,1
'dayum,1
'providing,2
'carter,41
'ripaaroncarter,1
'ahh,1
'narrator,1
'ear,1
'bye,1
'public,6
'quicker,2
'medi,1
'hs,2
'compassionate,1
'youl,1
'wr,1
'fx,1
'smh,10
'thays,1
'sense,4
'positivemost,1
'kanayo,17
'peterson,16
'drkanayo,5
'sinister,1
'mates,1
'lads,1
'confuse,1
'yeast,1
'aids,39
'ft,6
'tall,6
'hottest,1
'playground,1
'relived,1
'woulda,1
'dure,1
'salami,1
'ade,2
'toro,2
'package,1
'cocaine,6
'ike,1
'turner,1
'lied,1
'stole,1
'gay,8
'rapist,2
'singer,5
'heartgone,1
'prince,1
'musician,1
'kid,8
'helpforall,1
'ulfnorg,1
'ulfn,1
'sow,1
'ubb,1
'bars,1
'ypg,1
'iambrentlopezcom,1
'saledaddy,1
'soothkeep,1
'bishop,1
'macedo,1
'judah,1
'inri,1
'motivation,2
'sling,1
'productions,1
'godrulesnet,1
'acallforanuprisingcom,1
'saveallbabiesfromdeath,1
'thankgodforbabies,1
'abortionandtheplanbpillaremurder,1
'kjv,1
'exodus,1
'deuteronomy,1
'thou,3
'shalt,1
'satan,3
'rebuke,1
'abyss,1
'gratitude,4
'drawopegba,2
'gender,1
'jealous,2
'nick,18
'utmost,1
'execute,1
'whod,1
'race,2
'heartattack,1
'trade,1
'ummmmmm,1
'user,2
'partners,2
'foremost,1
'temple,1
'escaped,1
'drowning,1
'bathtub,2
'intoxicated,2
'drunk,1
'infant,1
'scumbag,1
'scum,1
'scumbags,1
'fault,1
'bisexual,1
'dudes,3
'bi,2
'cadaver,1
'fauci,2
'fauic,1
'cvid,1
'weirdo,1
'government,2
'biological,1
'warfare,1
'crystal,2
'coke,2
'shred,1
'drewi,4
'orias,2
'significantly,2
'taller,1
'revived,1
'pregnantgod,1
'duh,1
'aaaand,1
'sacrificing,1
'fullofshyyyyyyyyt,1
'contracts,1
'friggin,1
'undetectible,1
'cheekbones,1
'chapped,1
'colored,1
'glazed,1
'eyesstop,1
'retest,1
'drgboya,1
'suicide,1
'gifted,1
'parasites,2
'profiting,1
'untimely,1
'hitting,1
'tf,2
'hmmm,3
'annoyed,1
'egomanic,1
'dieded,1
'lolz,1
'awayhe,1
'tragic,2
'stds,2
'mgk,1
'glance,1
'warned,1
'overdose,2
'slamming,1
'unwell,1
'cruelty,1
'addiction,4
'afraid,4
'drigudia,1
'channelmy,1
'travis,2
'decade,1
'reckless,2
'gun,4
'shouldve,1
'couldve,1
'musical,1
'genius,1
'honors,1
'earning,1
'bachelor,1
'degrees,1
'berklee,1
'alcoholic,1
'camden,1
'nyc,1
'offered,2
'addicts,2
'sobriety,1
'butthe,1
'refuse,3
'talented,4
'chewed,2
'spit,2
'empathy,2
'fame,12
'repercussions,1
'card,1
'wordsi,1
'innocently,1
'haters,1
'trash,4
'acceptance,1
'certainly,2
'earned,1
'meanwhile,1
'tragically,1
'combination,3
'toxicology,1
'wave,1
'surface,1
'yalli,1
'whatim,1
'wealthy,1
'socialites,1
'mockery,1
'nope,1
'grasp,1
'unhealthy,2
'addicted,4
'fiancé,1
'huffing,1
'predictve,1
'programming,1
'finest,1
'aired,2
'hollywood,12
'discovers,1
'whitney,1
'price,1
'direction,2
'gained,2
'failed,2
'amd,1
'understood,1
'celebrities,4
'permission,1
'chump,1
'dued,1
'lieto,1
'whoa,1
'trippin,1
'googled,1
'cience,1
'dangers,1
'extensively,1
'popping,1
'flare,1
'methamphetamine,1
'travelled,1
'vortex,1
'doctorokougbo,1
'okougbo,1
'johnson,1
'shaq,5
'bait,1
'monthi,4
'drabiolahome,5
'drobahistoricalherbs,1
'kay,2
'hollow,1
'gena,1
'tew,1
'hencechild,1
'pervs,1
'daysnegative,1
'anorexic,3
'lloyd,1
'dumber,1
'alike,1
'oare,1
'videoso,1
'fromthey,1
'dretiko,1
'thinks,5
'secretive,1
'depth,1
'disese,1
'dated,1
'crush,8
'hillary,1
'duff,1
'praises,1
'souls,1
'hivaids,3
'ayomede,1
'vaids,1
'staged,1
'drastically,1
'stunt,1
'national,2
'platform,1
'press,1
'closeup,1
'yuk,1
'helpi,1
'prescribeim,1
'curedas,1
'revealed,1
'immoral,1
'oje,5
'desperation,2
'reluctantly,1
'parmanent,1
'mabye,1
'useful,1
'drokooboh,1
'dball,1
'tard,1
'compromised,1
'flucold,1
'tylenol,1
'azt,1
'television,2
'thicc,1
'weighed,1
'sake,1
'meagan,1
'suppressed,2
'parasite,3
'cleanse,5
'infestation,1
'supress,1
'playlist,1
'aprocot,1
'eggs,4
'hatch,1
'processed,2
'scull,1
'treats,1
'teas,1
'load,2
'customers,1
'ewwwlooks,1
'allen,1
'degeneratesall,1
'trendy,2
'pooper,1
'stretching,1
'drojeabugmailcom,1
'windy,1
'hooked,2
'productsto,1
'youtubethanks,1
'ediale,2
'rescue,1
'martins,1
'abul,1
'grids,1
'pety,1
'moreover,1
'crave,1
'efe,4
'owe,1
'drefegmailcom,3
'measured,1
'facebook,2
'fallopian,2
'blockage,1
'reviews,4
'whaat,1
'prescribing,1
'condemned,1
'sisterdeathor,1
'prescriptions,2
'cocktail,1
'bieber,2
'lifea,1
'discipline,2
'lifebut,1
'scape,1
'delay,1
'lab,1
'owobu,4
'owobui,1
'article,2
'sebi,1
'doctorojieyahoocom,1
'sooosad,1
'knw,1
'guybut,1
'scene,1
'headline,1
'nigga,2
'boul,1
'abuse,7
'advantage,1
'til,1
'abusing,3
'xanax,3
'geez,1
'articles,1
'canadians,2
'aunty,1
'brotherinlaw,1
'edibles,1
'shittttttt,1
'concept,1
'spoken,1
'grail,1
'antihiv,1
'transformed,1
'lifelong,1
'proposition,1
'definitively,1
'affordable,1
'scalable,1
'eradication,1
'transforming,1
'unlike,1
'fraudsters,1
'scammers,1
'communication,1
'adopt,2
'forced,1
'irresponsible,1
'charlie,1
'sheen,1
'suese,1
'toochrist,1
'heroin,6
'httpswwwyoutubecomwatchvpeudvuvdzbkts,1
'httpswwwyoutubecomwatchvszchhbiccwts,1
'httpswwwyoutubecomwatchvctasxyfhyts,1
'httpswwwyoutubecomwatchvfkkhlbie,1
'httpswwwyoutubecomwatchvgtsiimipqts,1
'httpswwwyoutubecomwatchvlnhmxfsnmkts,1
'httpswwwyoutubecomwatchvyjcwlwigi,1
'httpswwwyoutubecomwatchvfoexzmysdy,1
'httpswwwyoutubecomwatchvpqfxratwhelistplbffdfebfindex,1
'lololollolollll,1
'hahahahhahahahha,1
'hahahaha,1
'dralamalegmailcom,1
'backache,1
'fullness,1
'stomachache,1
'headedness,1
'faintness,1
'returned,1
'gemzar,1
'elite,1
'fustrating,1
'familyi,1
'requested,1
'administer,1
'periodyou,1
'crack,10
'alds,1
'oguku,1
'drogukusolutiontempl,1
'egmailcom,1
'experimenting,1
'destroying,2
'esteem,1
'rapidly,1
'resulting,1
'extended,1
'cigarettes,2
'ologunebi,4
'frequent,2
'acyclovir,2
'disheartening,2
'ologunebiridwangmailcom,2
'lavender,1
'transgender,1
'lgbqi,1
'nonprofit,1
'httpswwwpaypalcombizfundidypmuln,1
'whew,1
'akhigbedr,1
'akhigbe,1
'drakhigbehomegmailcom,1
'takings,1
'rejection,1
'ashamed,1
'hivs,1
'virusfriends,1
'worldwide,1
'dromijie,1
'medium,1
'sayto,1
'omijie,1
'dromijiespelltemplegmailcom,1
'ajargbo,1
'whatapp,1
'indrajargboherbalhomegmailcom,1
'curedall,1
'sirhis,1
'draludaharbalhomegmailcom,1
'simplex,1
'processes,1
'braimah,1
'workcontact,1
'drbraimahgmailcom,1
'false,1
'unuayan,3
'girls,1
'cur,1
'ouvlation,1
'booster,1
'unblock,1
'embarrassing,1
'sabi,3
'applying,3
'wowits,1
'drsabigmailcom,1
'methd,1
'mmmmkkkkaaayy,1
'garrison,1
'diei,1
'hundred,1
'parmanetly,1
'slim,1
'shady,1
'bob,1
'beck,1
'micropulser,1
'httpswwwyoutubecomwatchvhbifzbmw,1
'coloidal,1
'silver,1
'secondary,1
'ozonated,1
'detoxing,1
'magnet,1
'pulser,1
'hyperthyroidism,1
'hypothyroidism,1
'gaunt,1
'frame,2
'harmful,2
'stigmatizing,1
'plwhiv,1
'coca,1
'violated,1
'ferret,1
'modesto,1
'jumping,1
'speakers,1
'hurtthank,1
'perfornence,1
'douche,1
'sketchy,1
'cheeseburger,2
'unrecognisable,1
'confidential,1
'junkie,4
'phil,1
'corey,2
'feldman,2
'party,4
'damne,1
'mentiong,1
'proportion,1
'height,2
'singing,3
'movies,2
'fingertips,1
'junky,4
'liberatedcelebrities,4
'prorities,4
'grades,4
'schools,4
'highschool,4
'coccaines,1
'cancelled,1
'opioids,2
'obvious,1
'narcotics,1
'seeks,1
'rejoice,1
'dormant,2
'street,2
'hotel,1
'trashed,1
'join,1
'httpsyoutubevervuuv,1
'hivwhat,1
'jusitn,1
'beiber,3
'justin,4
'starred,1
'lizzie,1
'mcguire,2
'obsessed,1
'whatwhat,1
'himmy,1
'childhood,2
'crushplease,1
'perhaps,1
'omgpraying,1
'himso,1
'artist,1
'sober,1
'sensationalistic,1
'parent,1
'coude,1
'impair,1
'judgement,1
'roll,1
'espo,1
'crackhead,4
'ruined,1
'heroine,2
'helluva,2
'prison,2
'cutting,1
'ufc,1
'strawweight,1
'divison,2
'fool,2
'fuckin,2
'behaves,1
'possessed,1
'hydrocodone,1
'pub,1
'restrooms,1
'sickly,1
'camera,1
'mutamba,1
'contra,2
'vihsida,1
'ambas,2
'plantas,2
'diminuição,1
'das,2
'células,5
'fluorescentes,1
'variou,1
'protocolo,4
'virucida,2
'procedimento,1
'terapêutico,3
'também,1
'demonstramos,1
'inibição,2
'vírus,4
'foi,3
'mais,4
'pronunciada,1
'descoberta,1
'apoiada,1
'pela,1
'entanto,2
'foram,2
'encontrados,2
'resultados,2
'conflitantes,1
'frações,2
'aq,1
'etoac,1
'adstringens,2
'método,1
'virucional,1
'taninos,1
'flavonóides,1
'antraquinonas,1
'polissacarídeos,1
'entre,1
'outros,1
'são,2
'compostos,4
'extratos,1
'vegetais,1
'implicados,1
'replicação,3
'vitro,1
'estes,1
'demonstraram,3
'atuar,1
'estágio,1
'inicial,1
'adsorção,1
'ou,1
'estruturas,1
'superfície,1
'inibindo,1
'assim,1
'penetração,1
'susceptíveis,1
'esses,1
'modos,1
'ação,1
'favorecem,1
'abordagem,1
'relevante,1
'determinar,1
'efeito,3
'antiviral,3
'eventualmente,1
'profilática,1
'onde,1
'tratadas,1
'antes,1
'infecção,1
'nossos,1
'geral,1
'consistente,1
'embora,1
'ainda,1
'não,1
'conheçamos,1
'natureza,1
'dos,1
'antivirais,1
'identificação,1
'desses,1
'crucial,1
'uma,1
'melhor,1
'compreensão,1
'mecanismo,1
'conclusão,1
'extrato,1
'bruto,1
'ulmifolia,1
'inibir,1
'bhv,1
'quando,1
'testados,1
'quanto,1
'ao,1
'infectividade,1
'presença,1
'antígenos,1
'virais,1
'infectadas,1
'sugerimos,1
'seja,1
'provável,1
'após,1
'entrada,1
'cepas,1
'fases,1
'subseqüentes,1
'sua,1
'cultura,1
'mason,1
'tender,1
'delusional,1
'dumbas,1
'fukn,1
'sight,2
'pizzas,1
'philly,1
'cheese,1
'steaks,1
'mozzarella,1
'sticks,1
'opiates,3
'flexoral,1
'zyprexa,1
'schizophrenia,1
'assumptions,1
'ellen,2
'degenares,1
'rumba,1
'cafe,1
'columbus,1
'ohio,3
'weigh,1
'ryan,1
'gosling,1
'carters,1
'interviewed,1
'kiss,1
'lizzy,1
'backstreet,1
'methy,1
'himm,1
'album,1
'argue,1
'suburbs,1
'selfinflicting,1
'tribulations,1
'necessarily,1
'reserved,1
'tend,1
'artists,1
'whatttt,1
'theeeee,1
'fuckkkk,1
'fkn,1
'noooooo,1
'tally,1
'wackys,1
'shooting,2
'fucks,1
'penguin,1
'gotham,1
'guaranteed,1
'drugsthere,1
'explanation,1
'rubber,1
'sandusky,1
'blew,2
'fearing,1
'lesbian,1
'bum,1
'lad,1
'backflip,1
'woudnt,1
'benzos,1
'isacompletely,1
'drugfrom,1
'displaying,1
'flat,1
'timberlake,1
'hellva,1
'fiend,1
'dumps,1
'pizza,1
'probiotics,1
'brocalli,1
'sprouts,1
'thatll,1
'boom,1
'arron,2
'wifebeater,1
'apparently,1
'slapping,1
'hilton,1
'loser,1
'elites,1
'pointless,1
'distraction,1
'sunken,1
'facejaw,1
'herion,1
'killers,1
'overdosed,1
'somewhere,1
'daaaaaaaman,1
'homie,1
'cracked,2
'sandwich,1
'booger,1
'creep,1
'jeeze,1
'wowhes,1
'crazzzzzy,1
'somethin,1
'smfh,1
'idiot,1
'angloamerican,1
'spoiled,1
'fckbois,1
'deport,1
'citizenship,1
'pablo,1
'skyscrapers,1
'gardens,1
'homes,1
'condos,1
'tattoo,1
'wast,1
'space,1
'inflicted,1
'closed,2
'doors,2
'vanity,1
'consequencies,1
'wicked,1
'partying,1
'drsebi,1
'narrate,1
'walkers,1
'fuckn,1
'candylol,1
'mcdonalds,1
'lb,1
'borderline,1
'peter,2
'puffer,1
'flute,1
'aarons,2
'bomb,1
'sum,1
'tommy,1
'lee,1
'sing,1
'rapper,1
'disney,2
'nickelodeon,1
'loosin,1
'mk,1
'ultra,1
'bines,1
'brittany,1
'spears,1
'shai,1
'lebouffu,1
'influential,1
'characters,1
'wakeup,1
'shitdude,1
'mmmmkay,1
'hypocrisy,1
'opiod,1
'himher,1
'crackthese,1
'keys,1
'choices,2
'needels,1
'valuable,1
'route,1
'material,1
'possessions,1
'reveals,1
'hopelessness,1
'attractive,1
'recall,2
'tvthink,1
'familystill,1
'illget,1
'grip,1
'ordinary,1
'adulthood,1
'defiantly,1
'hollywoods,1
'lowkey,1
'bragging,1
'tham,1
'sam,1
'mightily,1
'drsamchachoua,1
'frosted,1
'fieri,1
'satanic,2
'pedophiles,1
'ruins,1
'sickest,1
'spits,1
'rituals,1
'spotlight,1
'coach,1
'struggle,1
'stubborn,1
'belly,1
'thrown,1
'molested,2
'tourtured,1
'lah,1
'talaga,1
'ngayon,1
'lang,1
'nalaman,1
'labanaaron,1
'jeez,1
'stops,1
'assure,1
'fuckstop,1
'polluting,1
'dis,1
'sheila,1
'bold,1
'frail,1
'bunch,1
'interviews,1
'pumping,1
'rain,1
'snuffing,1
'thier,1
'homeopathic,1
'pharmacological,1
'isolate,2
'polymerase,1
'chain,1
'pcr,2
'scientist,4
'nobel,2
'prize,2
'inventing,1
'kary,1
'mullis,1
'duesberg,1
'map,1
'genome,1
'sequence,1
'retrovirus,1
'agrees,1
'rodney,1
'richards,1
'scientists,1
'antibody,1
'disagrees,1
'hypothesis,2
'ettiene,1
'harven,1
'images,1
'budding,1
'luc,1
'montagnier,2
'discovering,1
'publicly,1
'conference,1
'tcells,1
'admitted,1
'french,1
'isolated,1
'rethinkingaidson,1
'wooooah,1
'ocd,2
'mannerisms,1
'generalized,1
'cleanup,1
'explanations,1
'mi,2
'kinky,1
'jokes,1
'bloom,1
'trainer,1
'raitings,1
'audiences,1
'immunsystem,1
'denial,1
'limelight,1
'fashioned,1
'howibeatshaq,1
'druggies,1
'skeletor,1
'masters,1
'universe,1
'cartoon,1
'aaronim,1
'forevergonna,1
'hivhe,1
'thenim,1
'bored,1
'opioid,1
'ruin,1
'headjeez,1
'trump,1
'supporter,1
'bitches,1
'thumbnail,1
'kim,7
'discharged,1
'lyrics,1
'rebel,1
'maurice,1
'mccarthy,1
'somerset,1
'lipase,1
'rcc,1
'mass,3
'drank,1
'bottle,1
'rib,2
'cage,2
'abdomen,5
'contipation,1
'polyps,1
'vicious,1
'vigilant,1
'promotion,1
'localised,1
'lame,2
'asffff,1
'honsetly,1
'abdominal,1
'contrastus,1
'shoulda,1
'inoperable,2
'pancreatitis,2
'alcoholism,1
'seizures,1
'operating,1
'table,1
'helicopter,1
'develops,1
'dts,1
'abruptly,1
'seizure,1
'multimodal,1
'goals,1
'fullest,1
'reconnecting,1
'xxoo,1
'sandra,1
'penn,4
'jhh,1
'whites,1
'consistent,1
'upper,1
'vast,1
'majority,1
'dismissing,1
'concern,1
'progresses,1
'ailment,2
'campground,1
'bodys,1
'ph,1
'maternal,1
'mums,1
'determine,1
'acceptable,1
'procedures,1
'occasionally,1
'unaware,1
'science,2
'shortens,1
'retired,2
'returning,1
'mattress,1
'posture,1
'substitute,1
'filling,1
'portland,1
'rso,26
'extract,4
'topically,2
'marijuana,1
'utilizing,1
'solvent,4
'cannabinoids,2
'extraction,3
'everclear,1
'edible,1
'producers,1
'uses,2
'naphtha,1
'contains,3
'gas,1
'numerous,1
'proper,1
'industrial,1
'hemp,2
'plants,1
'indica,1
'strains,1
'increasing,2
'adverse,1
'outline,1
'gram,3
'achieved,1
'grain,1
'rice,1
'maintaining,1
'split,1
'appropriately,1
'advisable,1
'tolerance,1
'sleepiness,1
'sedation,1
'aspect,1
'topical,1
'bandage,2
'spots,1
'diminish,1
'preferable,1
'ingest,1
'ingested,1
'decarboxylated,2
'provides,1
'fullspectrum,1
'decarboxylation,1
'ensures,1
'thca,1
'psychoactive,1
'distillate,2
'concentrate,1
'retains,1
'strips,1
'diy,1
'potent,1
'principal,1
'principle,1
'publicized,1
'relation,1
'span,1
'concoction,1
'insomnia,1
'variety,1
'httpsricksimpsonoilucom,1
'httpswwwfacebookcompostspfbidsjxbvycryozhwsyjvezhipiecdkyvcpjqqvqvygrjyyuuucqljlappfbl,1
'introduce,1
'ache,1
'acheing,1
'cramping,1
'intermittent,1
'promo,1
'himmkindly,1
'moreif,1
'lostingnd,1
'yellowish,1
'manifested,1
'researching,1
'insanely,1
'motion,1
'physics,1
'wattpad,1
'copy,1
'weigth,1
'nicely,1
'oct,1
'operated,1
'nov,1
'mindset,1
'unsure,1
'dknt,1
'kknd,1
'springfield,1
'holyoke,1
'noney,1
'unknow,1
'script,1
'neuroendocrine,1
'pancan,1
'luckgod,1
'peritoneal,1
'er,2
'stroke,1
'disbelief,1
'santa,1
'rosa,1
'barn,1
'diseasesi,1
'demand,1
'resolute,1
'messed,1
'advocate,1
'isaiah,1
'wounded,1
'transgressions,1
'iniquities,1
'chastisement,1
'acts,5
'baptized,3
'burial,2
'resurrection,2
'baptism,1
'obey,2
'thessalonians,1
'flaming,1
'vengeance,1
'matthew,1
'saith,1
'unto,3
'doeth,1
'born,2
'galatians,1
'preach,1
'preached,1
'accursed,1
'jews,1
'gentiles,1
'samaritans,1
'matchup,1
'tooo,1
'ye,2
'gospels,1
'christs,1
'obeying,1
'letters,1
'crowd,1
'teachings,1
'apostles,3
'steadfastly,1
'doctrines,1
'ephesians,1
'foundation,1
'chief,1
'cornerstone,1
'righteousness,2
'rise,1
'newness,1
'operable,1
'abramson,1
'remains,1
'tools,1
'unable,2
'bodybut,1
'reactive,1
'cellsnatural,1
'draziengbe,1
'draziengbegmailcom,1
'challenges,1
'igbinedion,6
'completion,1
'leading,1
'ignorance,1
'drigbinedionherbalremedisegmailcom,1
'whatsappcall,1
'copd,1
'sickle,1
'anaemiaetc,1
'advocates,1
'worthy,1
'pancrius,1
'plzzz,2
'instrumen,1
'helpppp,1
'passion,1
'dx,1
'drhopkins,1
'hopkins,1
'drhopkinsherbalcuregmailcom,1
'kenny,1
'sambi,2
'drsambisolutionhomegmailcom,1
'homepage,1
'httpswwwyoutubecomchannelucfcinwemsuroxpdnztztg,1
'giver,1
'observing,1
'hyderabad,1
'satisfy,1
'responded,1
'messages,1
'beg,1
'idle,1
'httpswwwgofundmecomfdontletheaventakeanotherangeljustyetutmsourcecustomerutmmediumcopylinkutmcampaignpcfshareflow,1
'truley,1
'assholes,1
'omgwhen,1
'doubledi,1
'swelling,1
'symtoms,2
'glands,1
'itching,2
'fevers,1
'unemployed,1
'hereditary,1
'kicks,1
'cancerhe,1
'recipe,1
'technologies,1
'sunday,1
'marketing,1
'scheme,1
'selling,2
'toothpaste,1
'ers,1
'norco,1
'heck,1
'gf,1
'httpcholangiocarcinomaorgimmunotherapyofcholangiocarcinoma,1
'vx,1
'mongolia,2
'wwwclinicaltrialsgov,2
'immunitor,3
'pipeline,1
'listed,1
'stressing,1
'decent,1
'terrifying,1
'tournament,1
'distracted,1
'reasons,1
'soonn,1
'laugher,1
'diffuse,1
'picture,1
'reenacting,1
'tennis,1
'lols,1
'king,1
'ahhhh,1
'technonlade,1
'adenocarcinoma,1
'staring,1
'locs,1
'thinned,1
'nahhh,1
'wwww,1
'lfg,1
'hahahahaha,1
'contracting,1
'transitando,1
'creo,1
'pasan,1
'peor,1
'gente,1
'alrededor,1
'uno,1
'pasa,1
'wich,1
],1
