Cleaned_Tokens,Sentiment
"['lord', 'god', 'angel']",4
"['blessing', 'hated', 'needle', 'young', 'strong', 'forty', 'best', 'thing', 'positive', 'got']",4
"['stage', 'small', 'cell', 'stage', 'year', 'took', 'chemo', 'immune', 'therapy', 'reason', 'stopped', 'hand', 'foot', 'broke', 'look', 'like', 'burned', 'lived', 'month', 'popcorn', 'today', '230', 'pound', 'eating', 'mexican', 'food', 'cancer', 'demon', 'used', 'much', 'prayer', 'caring', 'wife', 'good', 'oncologist', 'healing', 'got', 'spirit', 'fight', 'loved', 'one', 'live']",4
"['get', 'well', 'soon']",4
"['get', 'well', 'soon']",4
"['please', 'ead', 'fine', 'father', 'strong', 'man', 'surgery', 'colon', 'rectal', 'cancer', 'died', 'lot', 'suffering', 'three', 'month', 'doctor', 'thought', 'cancer', 'wanted', 'operate', 'already', 'studied', 'lot', 'cancer', 'refused', 'operation', 'doctor', 'told', 'back', 'six', 'month', 'year', 'active', 'life', 'passed', 'want', 'beat', 'cancer', 'chemotherapy', 'mean', 'destroy', 'cancer', 'cell', 'also', 'many', 'healthy', 'cell', 'need', 'bad', 'thing', 'may', 'destroy', 'immune', 'system', 'one', 'tell', 'body', 'cancer', 'know', 'fight', 'cancer', 'radiotherapy', 'well', 'known', 'cause', 'cancer', 'underlying', 'idea', 'cancer', 'cell', 'die', 'true', 'destroys', 'also', 'turn', 'healthy', 'cell', 'new', 'cancer', 'cell', 'hope', 'follow', 'radiation', 'therapy', 'dos', 'radiation', 'precise', 'targeted', 'cancer', 'surgery', 'solution', 'often', 'spread', 'cancer', 'part', 'thus', 'creates', 'new', 'cancer', 'prayer', 'god', 'yes', 'god', 'really', 'exists', 'asks', 'love', 'people', 'good', 'deed', 'search', 'persistently', 'sin', 'mistake', 'look', 'excuse', 'value', 'god', 'considers', 'deserve', 'forgiven', 'hide', 'behind', 'exchuses', 'like', 'anything', 'others', 'searched', 'sin', 'mistake', 'several', 'month', 'stop', 'eating', 'meat', 'sweet', 'easier', 'think', 'daily', 'half', 'liter', 'beetroot', 'juice', 'seed', 'kind', 'cancer', 'tragedy', 'fight', 'calmly', 'moderate', 'action', 'would', 'good', 'strength', 'follow', 'treatment', 'rudolf', 'breuss', 'sure', 'help', 'please', 'god', 'healthy']",4
"['delia', 'ask', 'type', 'cancer']",4
"['got', 'bowl', 'cancer', 'redoaion', 'painful', 'sad', 'happy', 'lucky']",4
"['done', 'well', 'hour']",4
"['get', 'nail', 'done']",4
"['hope', 'got', 'rid', 'still', 'got', 'happy', 'god', 'bless', 'friend']",4
"['baby', 'going', 'though', 'thing', 'glad', 'contacted', 'day', 'great', 'help', 'lov', 'best', 'friend', 'cancer', 'spread', 'life']",4
"['sorry', 'know', 'going', 'wish', 'best', 'journey']",4
"['ciento', 'mucho', 'proselitismo', 'pero', 'dios', 'ayudarte', 'poderoso']",4
"['curry', 'blake', 'jglm', 'ministry', 'changed', 'life', 'hope', 'able', 'change', 'well']",4
"['manage', 'hair', 'loss']",4
"['sorry', 'hear', 'cancer', 'type', 'cancer', 'battling']",4
"['thank', 'much', 'sharing', 'really', 'brave']",4
"['radiation', 'chemos', 'done', 'lost', 'pound', 'come', 'back', 'cancer', 'behind', 'win']",4
"['infusion', 'nothing', 'ordeal', 'come', 'afterwards', 'begin', 'deal', 'side', 'effect', 'chemo', 'neuropathy', 'nausea', 'diarrhea', 'acid', 'reflux', 'infinitum', 'experience', 'discomfort', 'sensation', 'acquired', 'language', 'describe', 'exactly', 'pain', 'exactly', 'pressure', 'exactly', 'nausea', 'exactly', 'know', 'explain', 'really', 'symptom', 'caused', 'disease', 'cure']",4
"['way', 'young', 'thu', 'need', 'disclose', 'causing', 'cancer']",4
"['death', 'rate', 'chemotherapy', 'google', 'friend', 'died', 'heart', 'attack', 'cardio', 'toxicity', 'chemo']",4
"['pomegranate', 'kill', 'cancer', 'cell', 'kiwi', 'fruit', 'great', 'garlic', 'good', 'fish', 'oil', 'great', 'also']",4
"['start', 'process', 'never', 'seen', 'port', 'thank', 'sharing']",4
"['belive', 'jesus', 'medicine']",4
"['itzzz', 'shee', 'good']",4
"['ugh', 'breast', 'cancer', 'would', 'sack', 'cancer', 'waiting', 'happen', 'cut', 'altogether', 'prophylactic', 'measure', 'scared', 'surgery', 'would', 'get', 'insurance', 'cover', 'claiming', 'non', 'binary', 'trans', 'identity', 'disgustingly', 'fat', 'skinny', 'body', 'anyway']",4
"['hospice', 'industry', 'year', 'people', 'live', 'longer', 'chemo', 'unless', 'cancer', 'vital', 'organ', 'heart', 'lung', 'brain', 'chemo', 'cause', 'mets']",4
"['may', 'recover', 'fast']",4
"['stop', 'cancer', 'track', 'stop', 'eating', 'sugar', 'drink', 'hot', 'water', 'fresh', 'squeezed', 'lemon', 'juice', 'month']",4
"['eat', 'apricot', 'seed', 'cure', 'cancer']",4
"['ela', 'faleceu']",4
"['may', 'god', 'bless', 'cancer', 'thank', 'god', 'bad', 'never', 'chemo', 'radiation', 'kind', 'stuff', 'may', 'god', 'bless', 'brave', 'person', 'get', 'lot', 'love', 'hope', 'god', 'get', 'young', 'world', 'cruel', 'like', 'everything', 'poison', 'soil', 'water', 'even', 'imagine', 'really', 'god', 'bless', '100', 'time']",4
"['went', 'chemo', 'radiation', 'breast', 'cancer', 'supposed', 'infusion', 'sick', 'could', 'supposed', 'week', 'chemo', 'allergic', 'drug', 'also', 'radiation', 'treatment']",4
"['ask', 'jesus', 'forgive', 'sin', 'heal']",4
"['praying', 'healing', 'first', 'time', 'channel', 'god', 'husband']",4
"['hope', 'feeling', 'good']",4
"['tesò', 'fatto', 'flebo', 'trattamenti', 'radio', 'tutto', 'nel', '2017', 'per', 'anni', 'ormone', 'terapia', 'sono', 'trascorsi', 'ben', 'anni', 'adesso', 'nuovamente', 'ciclo', 'sto', 'bene', 'aver', 'sofferto', 'non', 'dimentica', 'bisogna', 'avere', 'tanto', 'coraggio', 'fede', 'sono', 'sposata', 'abbiamo', 'una', 'figlia', 'anni', 'viva', 'vita']",4
"['wife', 'cancer', 'port', 'became', 'expert', 'feeding', 'cleaning', 'port', 'botched', 'gallbladder', 'surgery', 'took', 'year', 'passed', 'miss', 'today', 'passed', 'video', 'popped', 'feed', 'look', 'like', 'came', 'back', 'month', 'hospital', 'time', 'taking', 'care', 'feeding', 'port', 'pray', 'husband', 'wife', 'passed', 'year', 'ago', 'woman', 'ever', 'love', 'hospital', 'visit', 'time', 'kind', 'hard', 'would', 'gladly', 'spend', 'hospital', 'visit', 'matter', 'long', 'boring', 'presence', 'beautiful', 'wife', 'god', 'bless']",4
"['cancer', 'devil', 'disease', 'cure']",4
"['caraaaa', 'stella']",4
"['never', 'someone', 'accompany', 'treatment', 'would', 'nice']",4
"['update', 'delia', 'still', 'praying']",4
"['wonder', 'much', 'injection', 'chemo', 'cost', 'sad', 'imagine', 'merica', 'dam', 'greedy', 'healthcare', 'system', 'truly', 'heart', 'breaking']",4
"['love', 'support', 'young', 'sarah', 'mcwilliams']",4
"['thank', 'much', 'sharing', 'story', 'undergo', 'chemo', 'radiation', 'hodgkin', 'lymphoma', 'seeing', 'undergoing', 'chemo', 'session', 'informative', 'help', 'take', 'away', 'fear', 'unknown', 'hope', 'well', 'continue', 'strong']",4
"['update', 'health', 'hope', 'shes', 'well']",4
"['although', 'survived', 'chemo', 'radiation', 'almost', 'year', 'ago', 'aged', 'radiation', 'induced', 'cardiac', 'problem', 'well', 'gonad', 'failure', 'really', 'getting', 'tired']",4
"['critical', 'moment', 'try', 'ask', 'help', 'allah', 'alone']",4
"['life', 'short', 'test', 'plss', 'die', 'none', 'muslim', 'everything', 'leaving', 'god', 'allah', 'never', 'leaving', 'love', 'love', 'prophet', 'adem', 'noah', 'ibraham', 'sulomon', 'gautam', 'krisna', 'moses', 'jesus', 'muhammad', '124', '000', 'prophet', 'messenger', 'muslim']",4
"['medication', 'stem', 'cell', 'transplant', 'year', 'ago', 'feel', 'normal', 'keep', 'fighting']",4
"['thank', 'much', 'sharing', 'story', 'mean', 'much', 'people', 'diagnosed', 'scared', 'unknown', 'know', 'easy', 'fun', 'strength', 'give', 'everyone', 'much', 'hope']",4
"['alot', 'braver']",4
"['beautiful', 'getting', 'chemo']",4
"['look', 'pretty', 'disease']",4
"['brother', 'diagnosed', 'rare', 'cancer', 'last', 'week', '27years', 'old', 'fibrolamellar', 'rare', 'cancer', 'kid', 'youth', 'adult', 'exposed', 'get', 'understand', 'whyyy', 'brother', 'healthy', 'stage', 'advance', 'family', 'life', 'change', 'second', 'pray', 'god', 'every', 'single', 'day', 'lord', 'jesus', 'pls', 'lord', 'help', 'brother', 'young', 'doctor', 'know', 'nothing', 'cancer', 'anyone', 'know', 'specialist', 'rare', 'cancer', 'pls', 'let', 'know', 'asking', 'player', 'brother', 'david']",4
"['get', 'well', 'soon', 'saying', 'prayer']",4
"['yesterday', 'hospital', 'exactly', 'port', 'exactly', 'chemo']",4
['tchandana'],4
"['prayer', 'sister']",4
"['thank', 'video', 'get', 'well', 'soon']",4
"['gute', 'besserung', 'welchen', 'krebs', 'hatten', 'sie']",4
"['sister', 'dead', 'previous', 'year', 'breast', 'cancer', 'fully', 'broke', 'life']",4
"['http', 'www', 'youtube', 'com', 'watch', 'toz41utt']",4
"['girlfriend', 'suffering', 'cancer']",4
"['god', 'bless', 'young', 'pray', 'fast', 'recovery']",4
"['may', 'god', 'heal']",4
"['unfortunately', 'treatment', 'personal', 'alone', 'experience', 'plus', 'percent', 'treatment', 'since', '2014', 'strange', 'wife', 'actually']",4
"['brave', 'soul', 'great', 'aid', 'kill', 'cancer', 'cell', 'would', 'cyanide', 'molecule', 'found', 'apricot', 'seed', 'derivitives', 'amygdala', 'pill', 'laetrile', 'serum', 'derived', 'apricot', 'seed', 'cyanide', 'break', 'free', 'three', 'molecule', 'attached', 'presence', 'cancer', 'cell', 'otherwise', 'four', 'molecule', 'group', 'pass', 'harmlessly', 'body', 'phillip', 'bissell', 'book', 'alive', 'well', 'show', '300', 'patient', 'success', 'excerpt', 'found', 'internet', 'god', 'bless']",4
"['stay', 'strong', 'tough', 'god', 'bless']",4
"['steroid', 'appetite', 'die', 'allergic', 'reaction', 'allergic', 'reaction']",4
"['red', 'devil', 'doxyrubsin', 'nasty', 'customer', 'strongest', 'toxic', 'around']",4
"['diagnosed', 'uterine', 'cervical', 'cancer', 'power', 'port', 'put', 'last', 'week', '1st', 'chemo', 'treatment', 'tomorrow', 'june', '30th', 'lucky', 'somebody', 'family', 'talk', 'friend', 'going', 'alone', 'mom', 'would', 'lost', '2016', 'august', '1st', 'last', 'chemo', 'treatment', 'august', '11th', 'scan', 'tumor', 'shrunk', 'surgery', 'hysterectomy', 'another', 'round', 'chemo', 'every', 'week', 'month', 'total', 'chemo', 'idk', 'stay', 'positive', 'scared', 'crapless', 'know', 'expect', 'suffer', 'high', 'anxiety', 'already', 'getting', 'heartburn', 'eating', 'tum', 'like', 'candy', 'pray', 'fully', 'recover', 'thankfully', 'mine', 'caught', 'early', 'due', 'pelvic', 'exam', 'lady', 'please', 'forget', 'could', 'save', 'life', 'like', 'mine', 'going', 'lose', 'hair', 'tho', 'waist', 'length', 'bald', 'birthday', 'crap', 'hey', 'least', 'grow', 'back', 'lucky', 'survive']",4
"['strong', 'drug', 'pray']",4
"['chemotherapy', 'kill', 'faster']",4
"['god', 'bless', 'beautiful', 'lady']",4
"['wonderful', 'opportunity', 'ask', 'private', 'room', 'chemo', 'stage', 'blood', 'cancer', 'immune', 'system', 'totally', 'depleted', 'neutrophil', 'granulocyte', 'low', 'leukocyte', 'chemo', 'treatment', 'yet', 'chemo', 'infusion', 'texas', 'oncology', 'clinic', 'one', 'wear', 'mask', 'expected', 'sit', 'general', 'waiting', 'room', 'crammed', 'full', 'people', 'wear', 'mask', 'crammed', 'smaller', 'infusion', 'room', 'sitting', 'elbow', 'elbow', 'people', 'getting', 'fluid', 'iron', 'infusion', 'one', 'wearing', 'mask', 'including', 'oncology', 'nurse', 'rest', 'staff', 'totally', 'mind', 'boggling', 'time', 'feel', 'unprotected', 'unsafe', 'oncology', 'clinic', 'cancer', 'treatment']",4
"['round', 'extreme', 'chemo', 'last', 'year', 'year', 'chemo', 'help', 'targeted', 'therapy', 'infusion', 'every', 'week', 'till', 'end']",4
"['nikola', 'tesla', 'right', 'http', 'youtu', 'mbl9ps6gmda']",4
['cancer'],4
"['soo', 'proud']",4
"['feel', 'pain']",4
"['quick', 'note', 'yuck', 'taste', 'saline', 'flush', 'australia', 'use', 'pre', 'drawn', 'syrinx', 'saline', 'often', 'see', 'american', 'canadian', 'video', 'draw', 'saline', 'ampoule', 'seems', 'plastic', 'leech', 'saline', 'much', 'asked', 'heap', 'patient', 'said', 'strange', 'taste', 'subtle', 'theory', 'pre', 'drawn', 'saline', 'absorbs', 'little', 'bit', 'stuff', 'syringe', 'plastic', 'give', 'adult', 'taste']",4
"['different', 'process', 'work', 'australia', 'essential', 'part', 'sending', 'lot', 'love', 'good', 'energy', 'rest', 'journey']",4
"['right', 'nothing', 'nasty', 'tasting', 'chemical', 'tasting', 'saline', 'taste', 'never', 'forget', 'also', 'fortunate', 'ability', 'request', 'room', 'infusion', 'clinic', 'chair', 'slammed', 'close', 'together', 'elbow', 'elbow', 'top', 'texas', 'one', 'belief', 'wearing', 'mask', 'even', 'oncology', 'clinic', 'cancer', 'patient', 'cancer', 'patient', 'guest', 'required', 'wear', 'mask', 'either']",4
"['god', 'please', 'help', 'girl', 'jesus', 'name', 'amen']",4
"['spero', 'sei', 'guarita']",4
"['wish', 'could', 'afford', 'anderson', 'die', 'wishing']",4
"['chemo', 'toxic', 'poison']",4
"['seek', 'experience', 'healing', 'grace', 'jesus', 'hun']",4
"['look', 'laetrile', 'mebendazole', 'ivermectin', 'heard', 'lot', 'people', 'beating', 'cancer', 'medicine']",4
"['hello', 'health', 'wish', 'speedy', 'recovery', 'drug', 'available', 'state', 'treatment', 'cancer', 'chemotherapy', 'treatment', 'chemotherapy', 'heard', 'immunotherapy', 'treatment', 'hospital', 'provide', 'treatment', 'also', 'age', 'play', 'important', 'factor']",4
"['health', 'wish', 'speedy', 'recovery']",4
"['fuk', 'fuk', 'fuk', 'cancer']",4
"['found', 'cancer', 'feed', 'sugar']",4
"['found', 'cancer', 'chemo', 'going', 'home', 'jesus']",4
"['dad', 'went', 'first', 'chemo', 'infusion', 'adriamycin', 'cytoxan', 'bad', 'effect', 'afterwards', 'rest', 'treatment', 'switched', 'taxol', 'middle', 'chemo', 'treatment', 'sister', 'went', 'first', 'one', 'went', 'back', 'time', 'treatment', 'moffitt', 'tampa', 'blood', 'draw', 'doctor', 'visit', 'infusion', 'later', 'day', 'went', 'hard', 'rock', 'casino', 'played', 'around', 'month', 'chemo', 'lumpectomy', 'radiation', 'treatment', 'dancing', 'ned', 'full', 'year', 'stage', 'triple', 'negative', 'diagnosed', 'actually', 'moffitt', 'today', 'survivorship', 'visit', 'hang', 'lady']",4
"['chemo', 'leaf', 'toxic', 'waste', 'body', 'please', 'drink', 'lot', 'kangen', 'water', 'detox']",4
"['guanabana', '1000', 'time', 'better', 'chemo', 'chemo', 'success', 'rate', 'complete', 'scam']",4
"['may', 'god', 'bless', 'sweetie', 'praying', 'amen']",4
"['hope', 'well']",4
"['wish', 'better', 'health']",4
"['red', 'lady', 'death', '2003', 'hodgkin', 'unfortunately', 'getting', 'via', 'line', 'arm', 'got', 'picc', 'hickman', 'hope', 'cured']",4
"['jesus', 'christ', 'love']",4
"['best', 'thing', 'drink']",4
"['never', 'appointment', 'doctor', 'life', 'believe', 'diet', 'reason', 'every', 'health', 'issue', 'eat', 'food', 'come', 'directly', 'nature', 'without', 'human', 'interference', 'like', 'wild', 'berry', 'fruit', 'root', 'meat', 'wild', 'animal', 'etc', 'hope', 'live', 'upto', 'die', 'natural', 'death', 'never', 'visit', 'doctor', 'health', 'issue', 'take', 'natural', 'medicinal', 'herb', 'etc', 'proven', 'effective', 'far', 'passed', 'ancestor', 'promised', 'never', 'hospital', 'bed', 'autopsy', 'die', 'want', 'body', 'polluted', 'artificial', 'human', 'medication', 'surgery', 'come', 'nature', 'return', 'natural', 'mean']",4
"['absolute', 'warrior']",4
"['god', 'bless']",4
['light'],4
"['please', 'research', 'high', 'dose', 'intravenous', 'vitamin', 'turkey', 'tail', 'mushroom', 'soursop', 'tea', 'well', 'wish', 'ted', 'stamet', 'thomas', 'levy']",4
"['know', 'alkaline', 'diet', 'basische', 'ernährung', 'alkaline', 'diet', 'alkalino', 'food', 'basische', 'ernährung', 'sorry', 'bad', 'destiny', 'even', 'good', 'looking', 'woman', 'happen', 'alkaline', 'diet', 'basische', 'ernährung', 'opinion', 'good', 'health', 'school', 'medicin', 'bad', 'say', 'proof', 'alkaline', 'food', 'helpful']",4
"['starting', 'journey', 'scared', 'core', 'inspiration', 'girl', 'got']",4
"['omg', 'beautiful', 'brave', 'strong', 'pray']",4
"['praying', 'healing', 'everyone', 'try', 'cannabis', 'oil', 'thc', 'cancer', 'worm', 'medicine', 'pig', 'dog', 'kill', 'cancer', 'amen']",4
"['girl', 'remember', 'red', 'devil', 'chemo', 'horrible', 'cry', 'sit', 'toilet', 'nausea', 'horrible', 'fatigue', 'survivor', 'stage', 'like', 'breast', 'cancer', 'estrogen', 'positive', 'year', 'survivor']",4
"['abbraccio', 'grande']",4
['survive'],4
"['husband', '5th', 'round', 'chemo', 'prostrate', 'cancer', 'hard', 'watch', 'know', 'gonna', 'come', 'know']",4
"['glad', 'meet', 'folarin', 'saved', 'brother', 'life', 'god', 'bless', 'brother', 'free', 'cancer', 'permanent', 'treatment', 'thank', 'folarin']",4
"['glad', 'meet', 'folarin', 'saved', 'brother', 'life', 'god', 'bless', 'brother', 'free', 'cancer', 'permanent', 'treatment', 'thank', 'folarin']",4
"['glad', 'meet', 'folarin', 'saved', 'brother', 'life', 'god', 'bless', 'brother', 'free', 'cancer', 'permanent', 'treatment', 'thank', 'folarin']",4
"['suffering', 'cancer', 'meet', 'folarin', 'helped', 'right', 'treatment', 'living', 'good', 'life']",4
"['suffering', 'cancer', 'meet', 'folarin', 'helped', 'right', 'treatment', 'living', 'good', 'life']",4
"['suffering', 'cancer', 'meet', 'folarin', 'helped', 'right', 'treatment', 'living', 'good', 'life']",4
"['mit', 'chemotherapie', 'werden', 'jedes', 'jahr', 'tausende', 'menschen', 'umgebracht', 'ersten', 'weltkrieg', 'hieß', 'senfgas', 'tausende', 'menschen', 'umgebracht', 'worden', 'bei', 'der', 'chemotherapie', 'rollt', 'der', 'rubel', 'für', 'die', 'schulmediziner', 'wie', 'können', 'gifte', 'die', 'einen', 'gesunden', 'menschen', 'krank', 'machen', 'einen', 'kranken', 'menschen', 'gesund', 'machen', 'völlig', 'unlogisch', 'schulmedizin', 'hat', 'mit', 'logik', 'nichts', 'tun', 'die', 'meisten', 'krebspatienten', 'sterben', 'nicht', 'krebs', 'sondern', 'der', 'behandlung', 'nur', 'die', 'klassische', 'naturheilkunde', 'kann', 'krebspatienten', 'heilen']",4
"['господи', 'что', 'происходит', 'почему', 'болеют', 'такие', 'молодые']",4
"['black', 'seed', 'oil', 'schulze', 'superfood', 'plus']",4
"['prayer', 'healing']",4
"['pray', 'lord', 'healed', 'jesus', 'name', 'thank', 'almighty', 'god', 'amen']",4
"['pretty', 'strong', 'really', 'brave']",4
"['friend', 'cancer', 'free', 'year', 'test', 'negative', 'recurrence', 'cancer', 'yet', 'called', 'clinic', 'infusion', 'month', 'month', 'year', 'year', 'whyyyy', 'grandpa', 'cancer', '1940s', 'chemo', 'lived', 'cancer', 'free', 'another', 'year', 'husband', 'cancer', '1976', 'chemo', 'radiation', 'cancer', 'free', 'alive', 'day', 'year', 'later', 'detect', 'scam', 'going']",4
"['kindly', 'read', 'joe', 'dispenza', 'buk', 'going', 'pray', 'tonight', 'okay']",4
"['one', 'care', 'cancer', 'cancer', 'fake', 'even', 'real', 'stop', 'posting']",4
"['lol', 'first', 'time', 'see', 'chemo', 'med', 'injected', 'syringe', 'usually', 'done', 'machine', 'regulates', 'dosage', 'even', 'mechanical', 'regulator']",4
"['wow', 'amazingly', 'brave', 'work', 'pharma', 'helping', 'deliver', 'cancer', 'medicine', 'like', 'patient', 'amazing', 'seeing', 'thank', 'sharing', 'experience']",4
"['people', 'like', 'norm', 'mcdonald', 'even', 'tell', 'closest', 'friend', 'cancer', 'people', 'like', 'put', 'whole', 'life', 'internet', 'obviously', 'gain', 'sympathy', 'share', 'thing', 'like', 'online', 'keep', 'private']",4
"['praying', 'cancer', 'free', '2023']",4
"['get', 'well', 'soon', 'praying']",4
"['declare', 'mouth', 'jesus', 'lord', 'believe', 'heart', 'god', 'raised', 'dead', 'saved', 'heart', 'believe', 'justified', 'mouth', 'profess', 'faith', 'saved', 'roman', 'christ', 'sacrificed', 'take', 'away', 'sin', 'many', 'appear', 'second', 'time', 'bear', 'sin', 'bring', 'salvation', 'waiting', 'hebrew', 'dear', 'god', 'heaven', 'come', 'name', 'jesus', 'acknowledge', 'sinner', 'sorry', 'sin', 'life', 'lived', 'need', 'forgiveness', 'believe', 'begotten', 'jesus', 'christ', 'shed', 'precious', 'blood', 'cross', 'calvary', 'died', 'sin', 'willing', 'turn', 'sin', 'said', 'holy', 'word', 'roman', 'confess', 'lord', 'god', 'believe', 'heart', 'god', 'raised', 'jesus', 'dead', 'shall', 'saved', 'right', 'confess', 'jesus', 'lord', 'soul', 'heart', 'believe', 'god', 'raised', 'jesus', 'dead', 'moment', 'accept', 'jesus', 'christ', 'personal', 'savior', 'according', 'word', 'right', 'saved', 'thank', 'jesus', 'unlimited', 'grace', 'saved', 'sin', 'thank', 'jesus', 'grace', 'never', 'lead', 'license', 'rather', 'always', 'lead', 'repentance', 'therefore', 'lord', 'jesus', 'transform', 'life', 'may', 'bring', 'glory', 'honor', 'alone', 'thank', 'jesus', 'dying', 'giving', 'eternal', 'life', 'amen']",4
"['solution', 'enough', 'true', 'story', 'people', 'various', 'form', 'cancer', 'healed']",4
"['chemo', 'pure', 'poison', 'make', 'sicker', 'people', 'stupid']",4
"['praying', 'beat', 'cancer', 'pretty', 'girl']",4
"['good', 'luck']",4
"['totally', 'get', 'stage', 'lung', 'cancer', 'brain', 'mets', 'currently', 'chemo']",4
"['something', 'wrong', 'got', 'chemical', 'food', 'air']",4
"['infusion', 'next', 'week', 'tuesday', 'video', 'interesting', 'keeping', 'emotional']",4
"['god', 'bless', 'family', 'never', 'got', 'chance', 'start', 'mine', 'unfortunately', 'way', 'late', 'continue', 'pray', 'family']",4
"['beautiful', 'strong', 'courageous']",4
"['bow', 'recently', 'found', 'strong', 'herb', 'heal', 'cancer', 'completely', 'human', 'body', 'without', 'surgery', 'cured', 'many', 'people', 'south', 'africa', 'beyond', 'strange', 'herb', 'victim', 'cancer', 'terrible', 'experience', 'anymore']",4
"['see', 'cancer', 'thérapy']",4
"['jak', 'ludzie', 'mogą', 'się', 'tak', 'truć', 'wstrzykując', 'sobie', 'broń', 'biologiczna', 'która', 'tak', 'niczego', 'dobrego', 'nie', 'zrobi', 'wrecz', 'odwrotnie', 'wyniszcza', 'cały', 'organizm', 'narządy', 'niszczy', 'zdrowe', 'komórki', 'mutujac', 'chemizacja', 'nie', 'zabija', 'najgorszego', 'zła', 'jakim', 'jest', 'komórka', 'macierzysta', 'nawet', 'jej', 'nie', 'powącha']",4
"['thought', 'chemotherapy', 'hand', 'saw']",4
"['beautiful', 'lady']",4
"['girl', 'stage', 'throat', 'cancer', 'year', 'ago', 'love', 'love', 'good', 'hope', 'well']",4
"['god', 'bless']",4
"['admire', 'courage', 'thank', 'sharing', 'recently', 'diagnosed', 'unusual', 'non', 'hodgkin', 'lymphoma', 'come', 'across', 'anyone', 'else', 'whose', 'one', 'memorial', 'sloan', 'kettering', 'data', 'base', 'faith', 'hope', 'humor', 'help', 'fight', 'awful', 'disease', 'stay', 'strong', 'beautiful', 'lady']",4
"['stage', 'cervix', 'cervical', 'cancer', 'spread', 'lymph', 'node', 'two', 'lung', 'windmill', 'get', 'dear', 'god', 'bless']",4
"['giving', 'thanks', 'ogoh', 'something', 'always', 'take', 'personal', 'brought', 'back', 'full', 'health', 'year', 'surfing', 'cancer', 'disease']",4
"['best', 'wish', 'pakistan', 'get', 'well', 'soooon']",4
"['needle', 'painful', 'radiotherapy', 'chemo', 'hope', 'technology', 'improves', 'cause', 'patient', 'pain', 'side', 'effect']",4
"['thank', 'drohanon', 'helping', 'get', 'rid', 'cancer', 'disease']",4
"['going', 'chemo', 'right', 'breast', 'cancer', 'fun', 'got', 'first', 'last', 'week', 'still', 'feeling', 'effect', 'weakness', 'tiredness', 'mouth', 'sore', 'stomach', 'cramp', 'hair', 'fallen', 'yet', 'next', 'treatment']",4
"['hurt', 'bad', 'look', 'brother', 'went', 'thing', 'going', 'even', 'know', 'cancer', 'late', 'stage', 'cancer', 'went', 'doctor', 'said', 'breathe', 'went', 'doctor', 'thought', 'pneumonia', 'test', 'found', 'cancer', 'stage', 'tried', 'treatment', 'radiation', 'laser', 'therapy', 'none', 'work', 'late', 'died', 'july', 'year', '2022', 'hate', 'bad', 'never', 'thought', 'would', 'happen', 'family', 'fought', 'way', 'end', 'lost', 'never', 'forgotten', 'love', 'big', 'bro']",4
"['sănătate', 'scumpo']",4
"['texas', 'usa', 'thank', 'ohanon', 'good', 'work', 'girlfriend', 'suffering', 'cancer', 'disease', 'year', 'met', 'wonderful', 'man', 'youtube', 'cancer', 'free']",4
"['got', 'married', 'month', 'ago', 'pregnant', 'twin', '12weeks', 'found', 'got', 'aggressive', 'cancer', 'going', 'chemo', 'like', 'every', 'pain', 'feel', 'still', 'believe', 'make', 'cry', 'least', 'day', 'feel', 'nobody', 'tell', 'chemo', 'change', 'whole', 'personality', 'time', 'scary', 'sad']",4
"['might', 'chemo', 'soon', 'may', 'ask', 'chemo', 'feel', 'throw', 'right', 'away']",4
"['praying', 'seeing', 'first', 'time', 'may', 'jehovah', 'god', 'bless', 'comfort', 'eliminate', 'pain', 'proclaiming', 'full', 'complete', 'healing', 'god', 'bless', 'family']",4
"['take', 'care', 'always', 'god', 'bless']",4
"['kid', 'sad', 'think', 'cancer', 'patient', 'feel', 'suffer', 'life', 'painful', 'journey', 'emotional', 'physical']",4
"['wear', 'wig', 'see', 'cooking', 'scalp', 'used', 'treatment']",4
"['take', 'supplement', 'chemotherapy', 'makeing', 'people', 'get', 'cancer', 'choice', 'decision', 'pray', 'name', 'jesus', 'get', 'strong', 'mighty', 'name', 'jesus']",4
"['year', 'old', 'going', 'weekly', 'possibly', 'week', 'thank', 'god', 'least', 'working', 'hard', 'standing']",4
"['even', 'young', 'facing', 'chemo', 'suffering', 'imagine', 'mom', 'age', 'several', 'chemo', 'break', 'heart', 'see', 'dying', 'away', 'rejecting', 'chemo', 'session', 'consoled', 'depressed', 'accept', 'death', 'peace', 'body', 'may', 'break', 'spirit', 'eternal']",4
"['voglio', 'bene']",4
"['million', 'view', 'average', 'view', 'per', 'video', 'lol']",4
"['got', 'girl', 'strong']",4
"['young', 'lady', 'brave', 'sending', 'hug', 'kiss']",4
"['technoblade', 'never']",4
"['happy', 'thanksgiving', 'praying', 'sending', 'love', 'prayer']",4
"['type', 'cristina', 'sanchez', 'cannabis', 'cancer', 'research', 'research', 'research']",4
"['happy', 'see', 'loving', 'husband', 'care', 'beside', 'may', 'god', 'bless', 'happy', 'long', 'life']",4
"['ive', 'know', 'feeling']",4
"['sending', 'positive', 'vibe', 'strong']",4
"['also', 'cml', 'blood', 'cancer', 'jesus', 'christ', 'great', 'prise', 'lord']",4
"['chemo', 'make', 'sicker', 'slowly', 'say', 'smoking', 'wee', 'watching', 'weed']",4
"['mum', 'rchop', 'doxarubicin', 'gross', 'stuff', 'also', 'know', 'mean', 'taste', 'saline', 'hope', 'well']",4
"['challenging', 'time', 'appreciate', 'much', 'ogoh', 'created', 'life', 'thought', 'lost', 'thank', 'much', 'curing', 'cancer', 'disease']",4
"['couple', 'triplet']",4
"['red', 'devil', 'use', 'call', 'taxotere', 'red', 'chemo', 'med', 'infused', 'peeing', 'red', 'orange', 'also', 'med', 'turned', 'pee', 'blue', 'green', 'month', 'chemo', 'radiation', 'treatment', 'cancer', 'free', 'thank', 'goodness']",4
['girl'],4
"['new', 'idea', 'brings', 'hope', 'stop', 'chemo', 'use', 'left', 'kingship', 'fight', 'newly', 'punished', 'lulu', 'author', 'kevin', 'anaekwe']",4
"['pretty', 'delia', 'strong']",4
"['boo', 'gonna', 'make', 'sure', 'everything', 'new', 'imma', 'put', 'brand', 'new', 'coop']",4
"['great', 'husband', 'iron', 'man', 'one', 'angel']",4
"['speak', 'english', 'subirles', 'please']",4
"['always', 'get', 'gauze', 'tape', 'bandaids', 'tear', 'skin']",4
"['also', 'got', 'chemotherapy', 'infusion', 'coincidence', 'also', 'cancer', 'time', '2021', 'time', 'year', 'old', 'indian']",4
"['dad', 'lungcancer', 'year', 'ago', 'chemotrratments', 'right', 'lung', 'removed', 'survived', 'tough', 'ride', 'worth', 'taking', 'evryone', 'pull', 'know', 'help', 'sure', 'good', 'luck', 'everyone']",4
"['dagba', 'youtube', 'gave', 'cure', 'used', 'cancer', 'living', 'better', 'really', 'appreciate', 'drdagba']",4
"['dagba', 'youtube', 'gave', 'cure', 'used', 'cancer', 'living', 'better', 'really', 'appreciate', 'drdagba']",4
"['hello', 'spare', 'account', 'cant', 'without', 'saying', 'dexamethasone', 'steroid', 'took', 'covid', 'great']",4
"['love', 'every', 'cancer', 'patient', 'get', 'well', 'soon', 'god', 'bless', 'proud']",4
"['glad', 'great', 'support', 'system', 'looking', 'great', 'year', 'cancer', 'free', 'aggressive', 'one', 'lymph', 'node', 'left', 'arm']",4
"['hated', 'would', 'flush', 'port', 'could', 'taste', 'alcohol']",4
"['cant', 'understand', 'people', 'dont', 'listen', 'jesus', 'happy', 'heatly']",4
"['tego', 'nikt', 'nie', 'przewidzi', 'każdy', 'dzień', 'należy', 'boga']",4
"['jesus', 'sister', 'faith']",4
"['thanks', 'harry', 'herb', 'got', 'youtube', 'using', 'time', 'treat', 'help', 'get', 'rid', 'cancer', 'herb', 'medicine', 'got', 'great', 'meet', 'harry', 'herb', 'youtube', 'keep', 'great', 'work', 'lord', 'god', 'giving', 'save', 'life']",4
"['bill', 'forget', 'human', 'full', 'territory', 'nation', 'test', 'global', 'health', 'hospital', 'year', 'sauved', 'million', 'milliard', 'human', 'result', 'catégory', 'global', 'search', 'test', 'hospital', 'human', 'great', 'healthy', 'need', 'healing', 'human', 'great', 'healthy', 'need', 'heelings', 'forget', 'test', 'global', 'health', 'hospital', 'year', 'sauved', 'million', 'milliard', 'death']",4
"['bill', 'great', 'retablissements', 'cancer', 'people', 'earth', 'lost', 'much', 'member', 'familly', 'life', 'connaissances', 'death', 'manqued', 'forget', 'éternity', 'like', 'appréciate', 'love', 'people', 'familly', 'life', 'conaissances', 'life', 'manqued', 'heat', 'dead', 'loved', 'death', 'impossible', 'watch', 'listen', 'regret', 'speak', 'watch', 'death', 'loved']",4
"['shot', 'build', 'white', 'blood', 'cell', 'ordered', 'shot', '000', 'expensive', 'thankfully', 'medical', 'insurance', 'covered', 'never', 'use', 'though', 'nurse', 'told', 'day', 'last', 'chemo', 'people', 'afford', 'shot', 'really', 'needed', 'expensive', 'since', 'god', 'let', 'live', 'cancer', 'also', 'let', 'live', 'cancer', 'year', 'old', 'came', 'hospital', 'igloo', 'ice', 'pack', 'next', 'day', 'driving', 'hour', 'half', 'donated', 'shot', 'ever', 'needed', 'shot', 'came', 'cold', 'box', 'refridgerated', 'time', 'safety', 'seal', 'drs', 'break', 'seal', 'sitting', 'fridge', 'chemo', 'something', 'give', 'back', 'help', 'others', 'lucky', 'enough', 'get', 'shot', 'free', 'wanted', 'help', 'others', 'fight', 'girl', 'got']",4
"['john', 'god', 'little', 'child', 'overcome', 'greater', 'world']",4
"['yes', 'taste', 'saline', 'nasty', 'remember', 'port', 'line', 'thought', 'gross', 'lol', 'god', 'bless']",4
['blessing'],4
"['brave', 'god', 'bless']",4
"['well', 'treatment', 'kill']",4
"['got', 'flatlined', 'twice', 'complicated', 'pancreas', 'cancer', 'surgery', 'dead', 'minute', 'hope']",4
"['deus', 'abençõe']",4
"['wow', 'thanks', 'sharing', 'experience', 'hope', 'may', 'god', 'continues', 'blessing', 'life']",4
"['ivermectin', 'try', 'god', 'bless']",4
"['thanks', 'harry', 'herb', 'got', 'youtube', 'using', 'time', 'treatment', 'help', 'get', 'rid', 'cancer', 'herb', 'medicine', 'got', 'great', 'meet', 'harry', 'herb', 'youtube', 'keep', 'great', 'work', 'lord', 'god', 'giving', 'save', 'life']",4
"['give', 'review', 'harry', 'herb', 'youtube', 'using', 'herb', 'medicine', 'cure', 'cancer', 'thank', 'god', 'free', 'cure', 'live', 'normal', 'life', 'thank', 'much', 'harry', 'herb', 'youtube']",4
"['god', 'bless']",4
"['keep', 'fighting', 'amazing']",4
"['old', 'last', 'year', 'started', 'feel', 'pain', 'left', 'breast', 'doctor', 'told', 'mastitis', 'breast', 'infection', 'prescribed', 'antibiotic', 'steroid', 'tab', 'make', 'face', 'like', 'moon', 'face', 'week', 'stop', 'face', 'get', 'thicker', 'bigger', 'year', 'summer', '2022', 'pain', 'back', 'small', 'lump', 'left', 'side', 'nipple', 'got', 'quick', 'biopsy', 'got', 'result', 'shes', 'telling', 'maybe', 'cancer', 'referred', 'much', 'bigger', 'hospital', 'scheduled', 'coming', 'october', 'maybe', 'another', 'check', 'lnow', 'really', 'eeous', 'praying']",4
"['pray', 'lord', 'jesus', 'christ', 'see', 'pray', 'hold', 'hand', 'delivers', 'storm', 'jesus', 'name', 'amen', 'hang', 'everything', 'going', 'please', 'saved', 'repent', 'sin', 'make', 'heaven', 'one', 'day', 'given', 'life', 'jesus', 'christ', 'cancer', 'kidney', 'failure', 'diabetes', 'high', 'blood', 'pressure', 'disease', 'suffering', 'jesus', 'christ', 'come', 'saint', 'raptured', 'soon', 'come', 'board', 'except', 'jesus', 'way', 'sickness', 'disease', 'see', 'today', 'see', 'one', 'day', 'glory', 'god', 'wipe', 'accept', 'jesus', 'lord', 'savior', 'confessed', 'sin', 'god', 'love', 'jesus', 'walk', 'tell', 'made', 'commitment', 'accepted', 'sorry', 'going', 'breast', 'cancer', 'type', 'cancer', 'type', 'problem', 'one', 'saw', 'storm', 'jesus', 'christ', 'love', 'giving', 'family', 'give', 'back', 'went', 'dialysis', 'kidney', 'transplant', 'thyroid', 'removed', 'jesus', 'side', 'one', 'day', 'scar', 'see', 'today', 'disappear', 'glory', 'god', 'pray', 'see', 'please', 'accept', 'late', 'heaven', 'real', 'hell', 'also', 'real', 'spend', 'eternity', 'choose', 'heaven', 'savior', 'jesus', 'christ']",4
['praying'],4
"['stage', 'breast', 'cancer', '2013', 'chemotherapy', 'infusion', 'day', 'radiation', 'thankful', 'god', 'still', 'wish', 'one', 'thank', 'god', 'remission', 'since', '2014']",4
"['fighting', 'ovarian', 'cancer', 'still', 'september', 'layer', 'still', 'typing', 'mentality', 'important', 'always', 'remember', 'yoga', 'mindfulness', 'think', 'imp', 'chemo']",4
"['praying', 'guy']",4
"['check', 'kris', 'beat', 'cancer']",4
"['7yrs', 'cervical', 'cancer', 'survivor', 'alhamdulillah']",4
"['god', 'bless', 'strong']",4
"['kind', 'infusion', 'make', 'sick', 'tired', 'weak', 'burning', 'feeling', 'loss', 'appetite']",4
"['love', 'taste', 'saline', 'solution']",4
"['get', 'well', 'soon']",4
"['hope', 'good']",4
"['doctor', 'speaking', 'castor', 'oil', 'http', 'youtu', 'kh93e', 'dyae']",4
"['http', 'youtu', 'tjwcffkn9g4']",4
"['taste', 'heparin', 'saline']",4
"['port', 'catedral', 'takmışlar']",4
"['brave', 'lady', 'xxxxxxx']",4
"['god', 'bless', 'wife', 'going', 'stage', 'sarcoma']",4
"['praying', 'healing', 'chemo', 'also']",4
"['world', 'people', 'like', 'would', 'better', 'place', 'make', 'difference', 'igho', 'youtube', 'thank', 'curing', 'breast', 'cancer', 'introducing', 'herbal', 'product', 'world']",4
"['year', 'old', 'chemotherapy', 'whole', 'entire', 'life', 'third', 'going', 'well', 'second', 'time', 'one', 'time', 'hospital', 'room', 'wanted', 'ask', 'make', 'sick', 'make', 'sick', 'poor', 'like', 'hope', 'get', 'hope', 'get', 'get', 'better', 'soon', 'praying']",4
"['saline', 'taste', 'odd', 'least', 'problem', 'haha']",4
"['prayer', 'going', 'sending', 'hug', 'love', 'akron', 'god', 'bless']",4
"['hang', 'diagnosed', 'late', 'stage', 'esophageal', 'cancer', 'january', '2022', 'spread', 'stomach', 'liver', 'bone', 'max', 'dos', 'radiation', 'put', 'chemos', 'oxaliplation', '2nd', 'neurotoxin', 'chemo', 'fluorouracil', 'given', 'max', 'month', 'live', 'chemo', 'cancer', 'gone', 'month', 'tiny', 'spec', 'liver', 'bone', 'cancer', 'destroyed', 'hip', 'artificial', 'hip', 'work', 'well', 'advice', 'anyone', 'cancer', 'stay', 'active', 'importantly', 'keep', 'weight', 'use', 'ensure', 'plus', '350', 'calorie', 'protein', 'drink', 'meal', 'weight', 'went', 'fast', 'oncologist', 'said', 'probably', 'get', 'exactly', 'pre', 'cancer', 'age', 'also', 'kept', 'exercising', 'hope', 'get', 'well', 'soon']",4
"['lucky', 'come', 'contact', 'rorpopor', 'herbal', 'youtube', 'curing', 'breast', 'cancer', 'almost', 'gave', 'life', 'using', 'herbal', 'medication', 'feel', 'like', 'every', 'normal', 'human', 'grateful']",4
"['mist', 'cancer', 'treatment', 'third', 'immuntherapy', 'next', 'week', 'lost', 'track', 'number', 'time', 'mri', 'scan', 'hardest', 'part', 'many', 'people', 'know', 'answer', 'call', 'text', 'like', 'wow']",4
"['respect', 'honor', 'people', 'dedicated', 'life', 'spent', 'time', 'provide', 'effective', 'natural', 'herbal', 'supplement', 'cancer', 'rorpopor', 'herbal', 'good', 'example', 'thank', 'doctor', 'curing', 'breast', 'cancer', 'completely', 'without', 'side', 'effect']",4
"['heart', 'full', 'joy', 'excitement', 'rorpopor', 'herbal', 'truly', 'father', 'medication', 'order', 'testified', 'big', 'thanks', 'doctor', 'making', 'cancer', 'negative', 'completely', 'without', 'side', 'effect']",4
"['john', 'god', 'loved', 'world', 'gave', 'begotten', 'whosoever', 'believeth', 'perish', 'everlasting', 'life']",4
"['heart', 'full', 'joy', 'excitement', 'rorpopor', 'herbal', 'youtube', 'truly', 'father', 'medication', 'order', 'testified', 'big', 'thanks', 'doctor', 'making', 'cancer', 'negative', 'completely', 'without', 'side', 'effect']",4
"['che', 'sintomi', 'hai', 'avuto']",4
"['try', 'putting', 'candy', 'mouth', 'flushing']",4
"['plz', 'listen', 'surah', 'rahman', 'therapy', 'seven', 'day', 'clean', 'heart', 'first', 'take', 'half', 'glass', 'water', 'close', 'eye', 'listen', 'surah', 'rahman', 'qari', 'abdul', 'basit', 'voice', 'listening', 'prayer', 'open', 'eye', 'take', 'water', 'close', 'eye', 'say', 'three', 'time', 'allah', 'allah', 'allah', 'god', 'god', 'god', 'thing', 'condition', 'love', 'drink', 'water', 'three', 'sip', 'open', 'eye', 'three', 'time', 'day', 'keep', 'praying', 'seven', 'day', 'stop', 'listening', 'prayer', 'drink', 'water', 'close', 'eye', 'say', 'creator', 'name', 'three', 'time', 'drink', 'water', 'contnusly', 'amezing', 'result', 'plz', 'plz']",4
['today'],4
"['due', 'respect', 'madness', 'criminal', 'one', 'cannot', 'poison', 'body', 'back', 'health', 'called', 'treatment', 'chemotherapy', 'radiotherapy', 'proven', 'carcinogen', 'something', 'cause', 'cancer', 'treatment', 'cancer']",4
"['know', 'seems', 'enjoyable']",4
"['rip', 'technoblade']",4
"['currently', 'battling', 'horrible', 'disease', 'video', 'help', 'prepare', 'first', 'infusion', 'chemotherapy', 'pill', 'round', 'radiation', 'iron', 'infusion', 'every', 'week', 'last', 'four', 'week', 'thank', 'prayer', 'kick']",4
"['let', 'pray', 'sister']",4
"['thanks', 'sharing', 'dear', 'week', 'ago', 'diagnosed', 'breast', 'cancer', 'since', 'net', 'looking', 'inspiration', 'help', 'stay', 'strong', 'strong', 'lil', 'kid', 'hope', 'one', 'day', 'proudly', 'say', 'cancer', 'free', 'know', 'long', 'way']",4
"['girl', 'love', 'support']",4
"['doctor', 'find', 'cure']",4
"['indeed', 'aluda', 'youtube', 'good', 'herbalist', 'trusted', 'cured', 'cancer', 'hpv', 'herbal', 'medication']",4
"['absolutely', 'overwhelmed', 'splendid', 'miraculously', 'oiwoh', 'youtube', 'channel', 'herbal', 'remedy', 'work', 'brought', 'hope', 'lost', 'forever', 'indebted', 'doc', 'droiwoh']",4
"['absolutely', 'overwhelmed', 'splendid', 'miraculously', 'oiwoh', 'youtube', 'channel', 'herbal', 'remedy', 'work', 'brought', 'hope', 'lost', 'forever', 'indebted', 'doc', 'droiwoh']",4
"['god', 'grace', 'mercy']",4
"['cancer', 'survivor', 'lung', 'canccer', 'stage', 'http', 'youtube', 'com', 'watch', 'wxe1gaykdea', 'feature', 'share']",4
"['sorry', 'going', 'hope', 'thing', 'get', 'better', 'dad', 'prostate', 'cancer', 'two', 'year', 'diagnosis', 'alot', 'better', 'twenty', 'eight', 'day', 'straight', 'radiation', 'treatment']",4
"['really', 'appreciate', 'good', 'work', 'ogoh', 'youtube', 'thanks', 'curing', 'cancer', 'disease', 'pain', 'sleepless', 'night', 'thanks', 'drogoh']",4
"['love', 'banner', 'great', 'health', 'care', 'system']",4
"['look', 'asian', 'chinese', 'lady', 'look', 'like']",4
"['may', 'god', 'bless', 'strength', 'faith']",4
"['good', 'luck', 'hope', 'well']",4
